Id,Price
,188474.67899200058
,178577.52084169348
,292236.66853741184
,327771.73997511034
,145908.3336752777
,186723.19749120247
,154358.82780185694
,236797.33064783306
,228192.84418812662
,223016.47727708134
,277810.4297646505
,211775.8066283311
,179609.54655366388
,211357.58273066705
,110171.76310524881
,194060.0085411618
,400340.9535864378
,170926.70765627123
,216587.07241821362
,183485.8374010169
,191015.09872411046
,136788.39070094185
,237158.0120601461
,158566.81611222788
,163888.02858355947
,188747.96439307526
,259285.1301993417
,116169.90315099133
,199149.13721796448
,289518.8580630133
,186824.36704865648
,294217.44276927813
,203246.80554910135
,162201.6797814354
,196686.48720829492
,236150.04069028609
,317613.42529050657
,211522.36029976307
,147850.0838539306
,112496.38647899526
,179495.61077443307
,141066.323126373
,235918.06403672934
,135791.97694297312
,195495.35855521733
,176678.6656584087
,256444.73674775718
,254871.9784165406
,257787.5648611721
,179797.5444047431
,135092.08717198874
,488471.0644102879
,238899.5056269985
,145305.94811584786
,175462.7160567016
,129306.9937685721
,213954.01234162648
,338664.0014966306
,135660.32778390928
,115967.36106468913
,318716.69395795336
,320516.2036564069
,213993.55788026418
,347351.7443444554
,285130.8454036268
,219021.28213039914
,223255.2256845971
,286308.41710603674
,170461.53659660273
,231898.61177049647
,168179.95856940356
,544624.4097631203
,425606.323794271
,200768.8133609578
,156857.85513859344
,186619.48794101024
,214070.07662593818
,349646.243425994
,470422.5637557337
,170561.78922559033
,200609.03193762794
,252930.12815273547
,179957.9183758217
,329361.7927950491
,277997.5067171129
,342236.92678289156
,245579.27231288495
,185913.40275996263
,159506.73758505375
,182356.12846300896
,202921.23079129556
,173523.56107912783
,181495.94661570515
,147294.27202553945
,268918.4526758608
,189961.11008015223
,317802.99410680303
,212631.01597995101
,130440.27412414864
,153015.0611864753
,194590.33385781705
,185074.47317606324
,179148.27443471074
,215913.40922252726
,199087.58188821992
,213887.8849572131
,164865.00286146693
,202818.51123822847
,174513.10948705807
,139045.07290012384
,232004.28786731153
,164830.20084292704
,233819.73707671807
,162091.80445535027
,294128.7229844432
,209208.0841759875
,169969.30404584037
,83713.2793635608
,149106.82195830173
,180496.1517326076
,112746.74455970038
,129800.13622993
,292664.49969132803
,141164.80162707338
,178349.3623334086
,215215.14265511208
,494391.9163742863
,162993.87326550888
,126395.93004478262
,197571.49521748925
,128720.55112079968
,152898.1327818972
,157900.16421324806
,169697.9016787236
,133526.66003238005
,254895.16097035064
,264421.8898461507
,270313.89596100774
,212818.5731687432
,351525.32669263997
,152199.1612910107
,272523.93676152534
,258717.00175680756
,163413.33378139674
,257072.36739079075
,457197.85441101954
,160160.13517118333
,204161.3209164403
,179381.6959496277
,377677.8677010686
,220773.2284844104
,292850.63864297944
,158310.79375802426
,440860.12576371635
,192340.45215432785
,203018.29643741035
,164634.68906584717
,149197.95906335482
,166741.80649077136
,216736.39889433983
,116693.88429620067
,393276.3657553247
,355764.5611724422
,221973.28114713787
,109160.70230892973
,179577.4803919666
,189601.75291585436
,90500.01197167201
,204847.27320712584
,193572.25527887957
,292203.1463535962
,123254.91792754122
,196849.81833888523
,197662.75676961584
,70769.81869959988
,231661.1504322373
,221821.68380002814
,273537.628654434
,291693.4057720924
,278863.89225508797
,263975.3251608004
,154375.54829126317
,209125.13704285555
,345893.29269327887
,406018.17779334646
,176885.98241666003
,267661.85818976775
,151304.05746497595
,378710.62041784433
,175768.2712317628
,156140.00686593915
,178786.39542987643
,119273.28207914869
,142703.9327286234
,274526.49015064305
,377212.6707134471
,216073.60927877543
,196097.20716226968
,264042.5538470781
,313457.07309168275
,189422.49003877142
,295140.4002950509
,250792.82515723
,392729.76466702676
,137597.95476233325
,223077.408760296
,244118.1000291251
,211814.27352173193
,142059.41590607094
,173280.1099616304
,199159.30336008483
,148396.0156915156
,171579.8631967814
,196512.78132670856
,106807.10003750553
,288611.198887582
,187939.69467681815
,174497.01995615283
,230691.74703780905
,191797.49656708777
,192858.27962985172
,187643.67977089205
,271528.8372042099
,223210.82474840415
,209626.40061469685
,383545.55014403875
,354770.1995593159
,180994.58900303216
,198999.64813071472
,262057.01935681413
,243845.24881592536
,152244.8271512298
,110934.35900083618
,230071.70187884106
,235861.2395027532
,253414.66192253266
,309543.5033150552
,278221.33478105784
,178480.92467325792
,207171.69677107554
,180692.17774008325
,113104.88482401933
,133479.9293365557
,229250.0696208544
,324706.4034505859
,182000.78580413162
,304549.34503395326
,406534.54590550554
,310647.14428678865
,267346.7224976486
,262420.80162183533
,228628.51003350885
,158583.76355641978
,232374.63539570497
,252343.43201296488
,305835.3725172644
,318671.8124802446
,261525.41171041998
,168056.09746448972
,207056.4263808121
,437559.2701571135
,170031.69733766108
,205405.10600287386
,207588.84512951152
,251184.99447891946
,191445.67244832078
,184653.33333488187
,292339.4532099935
,173712.08307618322
,350296.2551567887
,357410.1879073508
,409959.9141720563
,165287.51346376617
,189680.9849727463
,246799.3847724645
,477652.3809748583
,214731.72274693835
,267977.39032111847
,400026.8433896956
,230016.19060266175
,269255.1084770101
,268770.34178233607
,124912.5575700448
,198517.3921110166
,129821.45325512071
,181897.51545288827
,209588.9793182116
,215854.85708516976
,199396.49468331254
,258627.48195315237
,220876.90982911762
,192058.27222852432
,170541.45035970808
,138645.02609179652
,234178.82213291092
,183698.7003217773
,207799.38720062503
,76736.85984535729
,267410.23553009535
,161912.37008807814
,253759.61401307923
,135893.77715649572
,236261.59295615574
,212990.50150737274
,321184.94048604753
,241030.45767842146
,232192.54299708537
,224744.19188886532
,204608.7851529276
,142279.42870896112
,170065.7919863964
,357616.9352332539
,153333.84046440563
,284985.66074366035
,208081.10721474414
,199333.5705455918
,162793.1370472098
,419630.73751351057
,190974.62880378246
,86141.56827991841
,127073.96908644486
,288370.0348686472
,270797.4838808114
,163412.22364286313
,178629.5553495975
,145909.82020424557
,196760.8775520222
,169392.73102211644
,145752.227064708
,211256.28282399673
,170913.358849034
,273352.5436072356
,233242.32809678875
,204223.51516886934
,175744.60912173943
,208398.23550385828
,190540.07727035572
,87925.02976109706
,215335.21169075498
,191366.06794240716
,138853.9731179371
,232913.46654719344
,376571.38327085355
,181645.32376383006
,134973.7153052503
,387255.0179615169
,208824.89298229467
,158836.25469937877
,227292.5330944566
,146920.99610724137
,193578.75156343897
,161061.41686631474
,140099.42066851523
,238250.10518273042
,196936.47372076596
,195924.91307897892
,182484.80479347936
,164035.6027259132
,197548.0951252688
,196809.67851722447
,160334.04016658533
,341620.96392937354
,177454.8263618693
,269645.3335782545
,178739.54591220256
,135208.54532205226
,77532.17915686393
,210621.15302677368
,279822.3117388105
,206513.10080052118
,171575.55739273486
,160957.39220066147
,153354.4351917959
,152558.2614507251
,387748.44959987444
,230971.8092970366
,305610.60117576644
,212544.02848485854
,149275.43591751438
,200874.11808269736
,113249.40878095049
,216786.59339377692
,309313.79643909144
,152013.5765964132
,145233.7021112908
,402775.7048425591
,163730.77303702864
,274094.1657550201
,225711.57143521335
,247327.74478269697
,228253.07909341063
,205601.41715246387
,151404.16920856814
,136344.37923017895
,251678.17947519114
,362949.4506819678
,195563.37039967102
,233080.87025782123
,176375.7639131345
,367845.0259245582
,391260.31807860226
,390351.4545699808
,216468.194559141
,200023.51465383123
,217626.2662951657
,199572.52360109132
,174355.6868371854
,163521.42495014568
,155725.16336478142
,328220.5212564791
,164126.1599403463
,126133.48409263839
,192058.53012175276
,180297.07607877528
,251530.39177215032
,190222.9453311951
,193087.96351751484
,150887.3334331316
,302669.7471547639
,322752.11239919096
,215732.2795550452
,229121.65330278818
,121918.13147592035
,335910.44473517727
,196534.22861543542
,162443.70615426483
,141058.27506840238
,160558.3710150939
,175781.24169651588
,321314.8269905174
,168950.26326044457
,252328.937968162
,300172.7370435605
,178124.27006681912
,184285.75266310349
,109371.99520878926
,236981.082182061
,188293.63478390616
,218715.19507063314
,199916.25288338677
,170041.79025180909
,156560.11158613706
,302067.9303099316
,100711.94923133943
,306113.32674390136
,265488.2602011487
,185289.97894821325
,124767.09852952865
,269852.49423504196
,251094.79316388682
,207836.0120143955
,204509.56577152156
,319479.7837678556
,248422.34902136822
,180595.84300465498
,212610.15458540907
,261592.73872105303
,172265.6937571012
,226121.42676200287
,264555.6676445523
,267004.9628306879
,267613.8354539703
,143374.59641865236
,169504.76676943494
,222702.85424648607
,137525.89215204888
,350196.59651019046
,298859.16304460453
,159632.8932383057
,222424.58389508713
,187042.31059258492
,333769.7585569843
,186292.9822691469
,175524.47757578228
,457646.1366556417
,190399.2967491484
,235423.4532892707
,211318.10360395888
,186105.18042076577
,244115.411157015
,224796.90222029397
,202256.46772939202
,167036.22258197505
,135882.04718322193
,124266.93162777778
,346421.80862842756
,132369.11665057865
,245786.923639326
,198100.02979137516
,294257.4245191131
,137697.32548762788
,203950.62328492623
,286289.79098408454
,207697.17163959827
,232590.26622477523
,389263.75663712574
,300418.99556864484
,97225.62049361013
,212468.82051344134
,421571.566252596
,297832.4634073239
,290290.64227758214
,335905.86870754603
,301329.546731163
,196809.67851722447
,268581.7628834473
,183262.83713714423
,219035.5505520487
,168526.40561434437
,304201.05861633207
,284962.7008443921
,194166.5761895865
,117015.81074609642
,161110.48685860916
,332340.7447771068
,223520.13804070823
,236384.71967479752
,323435.41796309804
,159409.8280508244
,161572.05046939343
,168874.90070250412
,99799.9102823979
,320281.7968138414
,413395.3642507394
,284819.8283763098
,194764.44804842738
,271733.9498700278
,214077.27768454718
,430688.5204597741
,163350.76604835578
,149891.07513146903
,170212.8473228459
,154491.0795257146
,132207.33220067548
,319138.4764477968
,212390.70539268677
,184923.54974879607
,238524.62333377756
,168354.0530765108
,127598.34940131978
,218286.80298931128
,164853.641346869
,514389.91342340084
,115131.41814842865
,179014.20782309028
,131725.47731200734
,165931.69391714552
,159670.34583635814
,433097.8230256386
,188079.0123539986
,272230.7937174391
,276905.73364900256
,144531.37602859692
,337820.943041288
,152257.3711354014
,225384.42387981658
,202272.56487105682
,116603.18183275562
,188260.88962326752
,218469.54955569355
,194612.33538676222
,224269.74047476592
,148347.00007348048
,535671.012955863
,237605.1988278815
,125052.4665623818
,222350.46184013083
,210790.16686041912
,140779.6676782229
,539540.8237319796
,82288.42019617253
,349419.03311129514
,184834.59908491888
,372857.37111927714
,166703.12686950486
,337639.728015297
,206648.6919166608
,193746.1269398356
,290169.7135932069
,110844.97583474724
,174301.3567447051
,205870.37784012756
,263559.89584715286
,141964.4433818891
,514667.8849456413
,304844.3053249267
,336915.7972738846
,205588.86394817074
,204050.5644424006
,216024.77547740852
,179250.60382136956
,200634.5972603707
,200445.85738020617
,231574.18055967332
,260090.945927544
,230296.0743224297
,192224.3627820549
,310160.84079231846
,173072.87009748677
,159478.70033107532
,238958.96891289827
,341989.8311897747
,169943.96644190382
,118156.60039053732
,201566.47502194176
,116879.77588074631
,199643.00348659066
,220923.94804975507
,140770.10604225
,148845.70109736145
,189978.51055157496
,195744.12435466997
,199089.7640072263
,167579.8990150284
,193059.7521803058
,169016.52497416304
,160853.3974815347
,329314.45511706267
,237111.7992982701
,329572.10844772216
,265954.5077043423
,239692.0480511724
,281357.7205356533
,452434.7796937068
,150189.46175800933
,164351.78737542298
,157266.13869977903
,126595.09139797148
,140404.21875447643
,252505.4720590389
,159761.1178167746
,210014.15700732448
,113372.98827818484
,161578.1045733273
,143464.02339476827
,218586.82293896272
,151488.1296935061
,406663.0560925722
,160142.53935776316
,230715.9191409641
,177642.82596002566
,148628.6768915069
,155794.99849996314
,235823.67769708385
,140687.40038126474
,184496.9806599856
,153340.78684850244
,387129.43877715146
,138154.58529181106
,201964.4351834137
,143593.34988807238
,145905.52868401862
,149404.08029404213
,224453.0448882317
,350102.1921716225
,182348.2497450075
,156666.22521717878
,109032.77808151407
,220495.62075620785
,126171.97892808128
,185222.98933316566
,308005.59683073696
,198263.33080717848
,116271.36286383298
,326068.04893029155
,144708.53669103398
,205510.22232674452
,276614.59658535995
,139990.7994633457
,158030.43463987755
,211330.8916544633
,233513.88878124492
,247017.85268035703
,203868.69784506242
,178972.9346076737
,104901.75060121357
,406663.18483715266
,197596.3047037984
,129822.53570853912
,274623.85278398125
,363736.4990399229
,206423.24538550162
,203868.69784506242
,143679.6452565623
,161034.1499414271
,280685.53386549704
,178347.10786017423
,189482.8837000236
,173697.46700374963
,190447.59233318787
,420748.271811651
,245326.48004019662
,199876.7413469569
,178867.0986707245
,147831.14273974625
,197504.4182542481
,222564.16874544095
,139914.9832472326
,133578.82833393855
,113929.69585248816
,215463.69862950366
,197865.62737753737
,365266.3946415081
,217592.67967218012
,204904.27097869432
,195114.57908940653
,235747.89674500647
,334156.3136664595
,160042.8454300492
,376762.0445464067
,338343.6961674099
,193688.67812578726
,308119.7150836109
,103079.681337122
,222661.4383068149
,70045.73316270146
,192497.25734043954
,229051.29814509308
,304372.31689166214
,284997.1704298958
,540064.2917293041
,160278.31194985562
,149612.33594505847
,119592.7395261266
,185694.17595902304
,391181.7820556566
,205388.15983730907
,178558.66404644193
,375931.18216271006
,185274.34058291026
,106355.89897772632
,237801.05292829018
,215407.19543742348
,183085.12274802243
,195625.00011680197
,221232.05811893713
,115680.30945543437
,122674.39012328154
,164594.25521583194
,167945.48720465825
,317417.80064491526
,196194.24196792283
,279168.41041981726
,189345.7615175433
,211683.5066148572
,379269.4688732894
,287498.1083509405
,197273.49940131436
,215118.50053050814
,192922.75473642425
,437588.4001815411
,163542.5816576926
,316478.1303872373
,108503.11736826907
,312652.93833049235
,158116.7288495722
,157195.15174217726
,273345.1077870703
,260467.68062543237
,171530.50633307747
,156507.42326500983
,362290.11966413027
,326564.1704576594
,222304.58943748294
,373956.01103931275
,225227.2042437545
,185927.81584816892
,139388.19595689556
,383603.0184358833
,223879.92377409514
,321124.7903940331
,319133.91892524867
,344149.41280390887
,156804.76848154925
,243286.54423118784
,197528.58846038004
,142679.9033197713
,251772.1614175405
,320571.6969245761
,201274.7250030348
,198800.53277753518
,132073.29684545318
,210627.91173659707
,239687.95984215493
,174293.64869300753
,141643.57841168265
,229281.38833590646
,215036.51905546422
,207901.7901281278
,187283.7199957187
,186869.51330709018
,362121.7040462984
,179742.48651892468
,157280.8808301894
,243374.5338798118
,95771.27467612998
,181007.74962344495
,195907.62955028174
,211959.8144781457
,310837.9629010023
,161403.5012467619
,213248.3980157419
,169958.42131489137
,190145.89903428507
,202354.68656612936
,241901.56099442174
,278389.390049931
,196441.6679782807
,168054.48503826585
,275808.66282180115
,231642.2610502616
,204558.95241806377
,188431.11592844725
,214662.25163994264
,197269.29738013586
,180093.06670562673
,251180.74618265373
,229168.35415510117
,132844.62840916627
,151245.17534724242
,197871.00847191687
,186568.0662696338
,97382.77841939635
,173189.1004879736
,198803.38151386514
,134982.0204423742
,212736.47687345502
,219564.9536623214
,129154.61766911698
,151440.61561340533
,414988.2655806802
,187639.51743601114
,136845.38312602384
,193914.6760767711
,136257.57496780594
,371025.6164861383
,501208.26409745537
,135708.46240386216
,220635.11456536758
,471419.154213352
,206262.01767774133
,213601.83731050245
,229427.21855281008
,237197.3827584684
,201475.01610205133
,176748.61400112606
,163494.01309732808
,201765.07186944282
,126948.5405351864
,158882.55691547057
,203914.82048987318
,273350.14765700983
,233916.86261506798
,135139.57713340328
,208411.0630728321
,412769.9174652557
,112563.37275281723
,204821.3142903158
,225000.0049185558
,177124.661535303
,190480.71691466522
,396214.0979095677
,210373.83827858552
,246005.74490613208
,113113.34629004025
,264752.1522054234
,182200.78855444302
,150602.42344276694
,186566.35566465705
,153546.16873633963
,189081.18230482418
,160099.4781781128
,164149.76729372423
,364876.27332405286
,193412.99252719816
,149546.62798706652
,274749.34417598054
,165861.2520137911
,311940.9006709336
,330777.4385678599
,276903.46867029154
,216316.16562478643
,174095.73746617127
,235533.16516760364
,434965.8312362492
,140425.5357796672
,277557.6511456478
,271404.6147004471
,282108.0392329612
,179393.55906055495
,224619.6793278814
,231713.63725475007
,245673.45114393832
,318464.3287567906
,217171.89873006922
,177807.83681421433
,139933.1141889955
,271729.58131398703
,450437.0688948506
,391514.334953459
,179604.05614614513
,214058.08055058614
,160349.12064062722
,196788.87066436204
,286966.2878057671
,175380.5756210343
,175196.56222659946
,210194.96063172675
,136500.17577790897
,216820.24712364085
,215239.83565046266
,250974.87736792598
,185680.6803952999
,240825.26444855952
,351936.2584653136
,239746.46939961446
,432121.6933573278
,170683.91254327557
,93351.97091533459
,135726.45796575805
,231456.35675513963
,100890.43567856122
,295143.5189169755
,167840.19363229067
,297384.250696046
,239047.27502284534
,306655.8755678894
,469203.98190297233
,180963.47404474308
,194206.55479551255
,222630.81885786506
,88336.11838587787
,162462.96022739672
,144764.00076365698
,182629.12376499292
,171264.05526423067
,187200.6880310969
,229258.18528946504
,247166.5177377496
,154420.6180822372
,356894.68660218106
,326058.8323964143
,173239.29406798817
,184270.11318987687
,348362.44206159405
,246182.46747591885
,445464.3660017275
,184679.45839198935
,227912.8508237221
,119128.43050334799
,269082.81396093796
,197067.23765165076
,339183.7577470089
,360649.2382325606
,217315.95974374362
,212711.86299503018
,182066.49070308998
,225477.6693287235
,204798.7513677549
,322365.5036769545
,230643.6097558033
,342602.7170601325
,101722.77369099863
,224446.22521245998
,186334.21743623732
,158180.05449640227
,232620.37094544547
,331692.24741684267
,414894.77009322506
,223491.52258364786
,169339.72796003707
,431454.9586318714
,320088.83252076845
,130829.64637030636
,136391.36685207344
,273788.8686574141
,130454.94505556968
,130608.4034689609
,145514.300901472
,180949.1312504209
,144600.7061302917
,285927.9328669383
,248403.03314968816
,261347.42404961603
,230014.75401577156
,173779.18485187594
,226041.08235755627
,229971.30616855566
,181962.1086260258
,479964.96755467844
,186776.08263741105
,152171.28198530013
,178589.87492863875
,182335.51369836653
,168579.3333151144
,254513.43822690233
,186891.32617387295
,290367.09465761785
,252004.71744511946
,177865.4015054129
,208401.73955577955
,338365.75873946364
,203325.29613086465
,162966.69099217062
,149409.96097049976
,221846.7421763382
,177259.82727834527
,143565.0311045037
,288696.1043740887
,213618.15507187715
,315236.639347239
,140678.15835588917
,178077.12058422618
,165401.06540326762
,140413.04727051128
,205834.4921935447
,132262.82872610746
,453696.25819301215
,149889.1622518573
,268553.0121431193
,168964.20826414786
,459214.79876827885
,169362.67539563385
,109535.3667122031
,203240.0437666658
,283201.48984184803
,285615.43776234373
,345484.0698438879
,264327.2512994843
,307584.5098214353
,317039.7039179544
,214732.92503716404
,175776.71151332057
,187431.22707898545
,189741.21484641096
,211835.3209209991
,215436.0653815852
,344066.51666860696
,133739.9210906568
,400775.181203179
,446516.370299424
,183233.71103649735
,114706.74208646637
,372002.264283305
,253454.75139546575
,193781.12278961643
,201967.13143446986
,189232.06917233314
,226299.959956101
,177980.46188098827
,239960.4836955999
,253293.18581986605
,165066.4481249629
,210022.45583522183
,263296.77002956136
,201184.00431999261
,194505.18807801727
,231764.52822989246
,121796.99676599311
,189226.1463606821
,175291.9002209413
,240469.62225101583
,152396.7384447349
,393981.4017467575
,186560.84295842898
,160771.27711295465
,196072.58611448552
,212500.7849793758
,227631.64671116925
,204520.46389089338
,212916.23404367623
,192515.720462814
,141688.86649954735
,125601.7852088714
,182280.77959539747
,268394.43203235813
,309422.71788412763
,178434.17573131368
,71069.91838583504
,190715.37100176973
,176673.07182216778
,168151.22957664728
,331358.1707830979
,179264.93071551548
,146971.03218533858
,193677.80287091198
,177007.10016563357
,391844.15453500184
,272116.15706060297
,282938.86299707554
,242744.9929526194
,222787.621309708
,185297.4562642962
,212949.6943812103
,222100.09371581508
,265746.75774540985
,111804.19664031854
,147263.572363664
,303983.5522080938
,166241.42757069552
,189191.91617581728
,245883.81894886107
,341222.59542876575
,273856.92088618147
,348260.7585588186
,131763.40858507092
,202221.4987028073
,171870.407348849
,259960.73090406135
,196100.9356275914
,192851.0170398113
,274694.3926632692
,168486.4799582966
,183629.96926568518
,169524.87057251975
,319404.0316933996
,194766.72468461818
,199057.20001250267
,208235.65436072918
,137097.211716102
,218272.89964931685
,247530.6435935821
,282617.26722940605
,269089.44664835546
,249079.09945629543
,195055.77122238962
,161565.0164053429
,214144.7754598773
,401537.4262336025
,89678.43495959071
,288035.4118304797
,274590.8992766816
,413907.07648092083
,165992.11446045284
,309316.231074661
,351346.9374079855
,182818.39563296494
,258094.7218619066
,193108.72724509862
,186197.380965586
,388450.97733952414
,65036.451339337735
,157445.1915678263
,227000.5231685653
,170177.4916743647
,204915.59459956724
,197273.49940131436
,210074.98232659345
,201400.81051491247
,143878.05962615495
,217813.84371549866
,151862.34687117836
,282271.8012545431
,279870.5696157538
,364409.18909714493
,212578.7163993189
,372360.37647023145
,251396.5968514156
,188074.87683736504
,148450.38486698695
,206092.68473468948
,242634.748327457
,203767.62862410748
,218056.03734178958
,97665.56423991198
,158560.16062560247
,298105.75630848785
,142837.4181166739
,261582.6243329177
,127269.02709474073
,188835.61801575313
,299303.9750079835
,159336.47094798656
,228118.78865916602
,209825.3452600538
,194693.3011844607
,216603.93212949886
,260315.0076098954
,328129.016069003
,425689.8727463916
,152689.1555267819
,256789.27419792814
,196353.32016412675
,274601.7225552496
,143654.54830257123
,186401.73688946984
,252706.30609916642
,240197.03364779527
,125633.09304082199
,199328.1576739049
,170642.26609779545
,174271.59272613726
,201613.69817853867
,219554.63022252984
,130437.16547684735
,145883.84379315848
,162177.32592192927
,536774.1497262664
,202569.49272688132
,142788.9798335859
,261454.51437003666
,128305.1849201419
,396266.4104496545
,160886.21079208105
,150138.4736485465
,88675.71416954542
,272377.2434251798
,121696.42615108142
,167313.1950270424
,267233.8821765071
,447738.3819763798
,227351.2423482582
,202957.70567334068
,214393.60259770282
,148209.94542827556
,121625.99053474855
,152970.17343846153
,205745.54744309039
,266501.17765061115
,220063.87167061982
,220968.27896822296
,178298.93557761883
,285959.9043086398
,180458.56644184657
,130816.52986885914
,273580.2330503755
,190304.24369929536
,171277.4875390794
,412350.578272818
,166079.77847803163
,219480.61363788653
,137277.8004290844
,173006.16199929634
,264432.7564339524
,179017.88848977548
,210479.08799191093
,238502.16477560723
,141111.15277838137
,140187.4541721603
,432148.64819559734
,244080.06869009224
,284382.490073515
,155457.74173394332
,107921.00827037009
,189013.5619230844
,135313.57566428385
,180986.37577401372
,388705.27599699213
,220754.59764201895
,132351.58905937054
,209057.44426639544
,146423.80826748323
,167937.71135989903
,171599.1816023289
,198015.28280350988
,265027.8135204687
,312636.63681179157
,130935.09735931586
,217599.7669698585
,141034.39417831926
,213696.55913197706
,316793.12347073806
,152787.3452141461
,433206.83527656185
,314058.0019339276
,159755.2985114655
,536916.9004418127
,341688.3622696753
,222418.95910841512
,193860.483463999
,177461.91837256367
,382033.39585679787
,215292.59677208742
,149763.75228210306
,464692.66092806915
,89537.06253551519
,174613.42435408887
,153345.13079091202
,178536.44032629667
,176775.1292562971
,372774.43238118594
,168725.42330941343
,201599.46321573146
,193712.40267700696
,309089.80689188815
,195963.1304847991
,278334.2989432603
,180259.03157726856
,178342.21865279457
,199644.2076740783
,431032.8252722743
,172260.29551376906
,177342.72665358035
,220244.219232163
,202199.04592072353
,238714.5805487756
,237655.187625169
,231494.39169609916
,179606.0875993302
,220956.79000772795
,110946.65126420654
,208100.544085583
,125992.88510752897
,236280.70901968048
,241747.53667928945
,264309.239818905
,243738.44251816205
,288790.02814356476
,174367.32628802652
,323671.94046445424
,225786.1384471923
,172007.79746126157
,146476.96022284025
,281786.83733911416
,365407.94658479234
,332722.11180597724
,197565.85546658863
,188241.6043994714
,241566.7160446137
,164675.91234665748
,225078.1765224044
,221744.05221476147
,268735.5273856367
,172971.11887444186
,138673.0207268105
,131254.9023400771
,248137.08557864334
,298749.599148201
,176469.47757986194
,247802.29097193514
,183223.03529134396
,379673.363295266
,168265.65615045058
,188496.5703121437
,284489.9990676478
,517118.769727239
,155938.63260783264
,149990.07238288602
,232598.66689615257
,106256.41188584703
,190006.99981762495
,247129.24512716508
,130899.47205402948
,180111.70669178508
,163107.0046106302
,204124.3700682776
,135206.81292911674
,178453.38624973962
,142331.08911421863
,253830.68871565963
,296805.0660418385
,220971.525029336
,296604.1353738642
,202360.34175435986
,201203.93819019676
,305863.33097766736
,200012.96233648717
,152259.57669980108
,123745.96098007655
,172061.96824220728
,201687.51974931877
,175291.44812842755
,399330.2378900464
,292493.6580509189
,166403.77927907
,144123.66084685578
,322340.69258425455
,142205.90729044337
,128542.97098007369
,200872.83033942443
,217010.23071249088
,213916.95171291477
,232144.08523779726
,237694.51638950207
,163240.4370937937
,189790.2196932199
,265118.41024469474
,227967.78495955165
,275253.7371618724
,244041.28960923088
,196809.67851722447
,147533.83008865433
,323755.34233407496
,197421.5269766721
,238423.82189137308
,417214.49777700193
,150545.7077267773
,276195.3512761019
,211679.31794573486
,208100.544085583
,223521.7903863904
,139879.0533342196
,236981.01989805143
,408856.1462991588
,227014.02504141064
,281909.27480937727
,174618.63120249117
,236746.8463732361
,251128.98076448636
,271016.0189338657
,251467.45472940613
,168442.5058065208
,251176.04525342066
,237764.31294083773
,220566.44025345234
,280993.92625566217
,162867.80126204676
,157778.16671761608
,242411.28399800658
,167331.8691411219
,136783.15967827852
,188902.3188006719
,192832.43793612198
,195524.2228915613
,438632.83321323537
,160771.27711295465
,199427.99769487386
,240140.71353132636
,202451.61799961573
,484623.5346412885
,138015.9207595664
,192646.11945913814
,248586.2635275232
,185486.12921079484
,187869.21224871275
,135525.5191852891
,280778.87892065226
,238044.2922502016
,299111.74526634975
,204930.95055501725
,228995.6792499774
,228269.94007361555
,243966.394787512
,190298.04950690328
,197120.61995807922
,153612.15624261502
,97092.38243100475
,78696.35312687304
,381000.7181237837
,186595.98639007116
,284757.4070384218
,151733.87630651487
,288498.31768367154
,160859.65561861178
,413458.3530102582
,266283.6149024825
,380203.9571843361
,203527.38963895768
,129794.11783700794
,246267.8211562579
,158347.4299613988
,329142.9812952256
,220289.09217334486
,210486.76534007705
,196485.71036347206
,206058.9993146353
,306763.86099621025
,213741.7748923338
,254234.72630041308
,172022.86417724894
,196365.49086512404
,133056.47828898812
,211217.42336791632
,222296.0235115634
,241328.99167365057
,209984.5533879024
,146224.7222680448
,315828.62283177534
,218332.33243522904
,108073.08282681995
,388546.8310855616
,142020.3672535496
,160907.98006279074
,170478.55872295276
,276620.9936521851
,427431.4720975868
,206671.1631600396
,129837.8752001829
,196361.97246672714
,177949.02903376735
,219099.2019644227
,334691.17934121494
,303760.3605784008
,248119.00801705444
,152781.14153748524
,263318.5047562457
,245669.92604717636
,409665.9908621348
,210061.33910718877
,205438.00927567412
,253308.102064004
,88048.49940704467
,195472.54966142995
,208210.65768848828
,187682.6439153002
,204866.07376276134
,293482.2694098864
,220711.24644918626
,214013.50396544114
,402266.10594620113
,244824.63914896938
,283655.2546310412
,224141.166032267
,305942.4324454171
,248890.9830733017
,129176.57254873063
,177711.81564744248
,159253.43518516177
,171368.6197180066
,187434.54267732013
,206650.22173954995
,198755.64444844576
,221542.94076019884
,236282.0532071863
,155042.48081601918
,229963.6840621313
,234160.3356536557
,316800.7724047322
,167922.4262652795
,142648.03224338457
,145275.53293349728
,243956.0610211993
,162413.6294233106
,152778.6488013433
,216464.76801137597
,161369.8521854803
,394826.8887793927
,159636.76642198997
,414125.61224338127
,175442.70930780531
,289704.67629688827
,324287.8705316378
,194522.0122846216
,265086.0811662623
,160119.73009702907
,204591.36285415085
,338512.71421929135
,197910.72762571918
,289463.78750783857
,282725.4182618679
,192183.17372202314
,129794.11783700794
,170232.75000449517
,101242.5977522787
,174646.2793191488
,236384.71967479752
,407301.30675587925
,211910.53836590465
,176547.1611791256
,194182.48113594484
,107529.93910405372
,280736.9442459423
,284126.81553223904
,112888.18763796496
,203545.53250258567
,217390.89342222214
,164958.79536254946
,202915.60297548125
,194926.7185875908
,246651.58964611613
,201020.51408509043
,243608.4229300372
,195284.2225946704
,250838.15884509293
,196599.3203442817
,284852.62575728004
,323666.5895485794
,197289.5447637988
,248560.05152778942
,148980.98964691107
,171696.06214730573
,263743.4302093542
,110560.67883213922
,120925.25990072438
,192444.62190965636
,203799.02415579546
,327266.9786256075
,208021.869454543
,354665.13347263745
,195742.93081087898
,172778.0296662142
,354348.9656138636
,284261.17448992806
,268034.9659301491
,208216.98245654203
,233762.7901135079
,350307.6721097867
,350968.1251661004
,200292.6697401234
,269673.835935354
,169442.6059222856
,149431.76437709737
,168749.74646083458
,156140.00686593915
,269655.1035433003
,241485.5303692554
,119331.15449271102
,240544.94582217277
,307253.55620373465
,255078.94257764
,158031.3513007321
,189889.21295933242
,216384.47179017277
,123216.24072142025
,159954.402857988
,338024.3055587672
,168960.4303096104
,110771.76785864944
,197412.2181110948
,296106.12954668154
,265528.52293443005
,329028.8802470408
,143203.186006395
,206346.533103473
,195123.35790134824
,195979.53481435875
,369173.08495499246
,215372.39236027602
,362032.3161358402
,187793.22396352162
,175206.34758087984
,242255.79345066525
,325898.8027657891
,307675.1183270635
,151866.87661678495
,171230.6811552989
,174971.29874212365
,213075.64735199825
,263866.4786306496
,166350.1802492234
,174444.27280456494
,211833.27748624032
,207761.13707276122
,236338.59514372578
,457318.58555530256
,185627.32174999992
,313496.4538853609
,232451.80048953195
,212114.9871877789
,241353.27847780043
,190615.9703375239
,175095.57991415
,436759.3789604217
,225590.15680669213
,454305.4729237083
,194262.74191240134
,282845.78070352564
,414953.9239472712
,125932.9866671768
,127208.72183182665
,161163.32243031633
,292183.74988772837
,189385.03313824392
,102408.84105415549
,131345.72373705907
,158407.59708677843
,187733.80489147044
,145770.69140163303
,286371.9742828773
,293444.4494442732
,187428.59856104426
,208000.1554564577
,182330.30799855347
,191855.80176449177
,438737.2186701501
,155828.19007577063
,201454.0623635376
,199460.59687781817
,199904.73091868905
,195820.43730307338
,218912.2630423297
,216731.04248345614
,168564.90658208905
,259699.29394037154
,173021.57399812623
,517312.34603726683
,164888.96988038864
,356216.4263953557
,242749.54373303425
,186010.93260392052
,166542.10507742263
,148026.10710021039
,329103.1839803297
,235236.33638027063
,286511.7322878204
,288451.23675426864
,346153.0257310531
,416876.5538208156
,135664.1696785766
,264132.3290857612
,217681.81825703767
,183638.1558768796
,544611.7649482434
,147772.06349396615
,210138.18748277868
,381121.3743519204
,291101.00201482594
,240343.86530434174
,131044.28500213439
,182059.37669955927
,158361.04790551765
,162892.62465977826
,279887.960378765
,296796.79780830507
,185505.4377655557
,244561.42585080955
,203290.42608238367
,173039.60634283227
,219645.4943916204
,144276.4430898912
,183718.84645142496
,158615.42708416906
,242013.6364676628
,176328.8686029318
,197388.856574136
,228146.7884665893
,197891.5660681418
,283054.0767678102
,147149.35301581657
,196823.69495094224
,200871.90052920138
,140750.15040000837
,281255.7825197619
,223014.37646775
,97006.73949936355
,333442.4008257981
,285234.7960576798
,312344.8485929598
,120517.80428437315
,320132.3011834222
,182582.3601665404
,144531.86796683713
,193286.2411623743
,342870.8903526623
,207975.48731837887
,256893.18768666373
,367366.81821151514
,214105.76833972245
,196627.33183393438
,140064.7933952885
,185706.17810558705
,242797.630149017
,262225.7782331154
,207426.4262440545
,163182.11364863638
,197070.53429118116
,232126.7240757154
,217747.03664612025
,243004.91209420346
,206591.30020685992
,183256.5522987814
,224308.59921545777
,144900.6793970044
,230987.3109844778
,197662.75676961584
,206336.3365603829
,222912.85291314873
,168712.47197441163
,394119.58459349483
,345017.6685557546
,177540.26298579754
,217467.75430759706
,129550.68647002564
,228574.8674737406
,203571.5879012505
,229744.72958612873
,342310.39776537736
,131619.5465187137
,133817.14582699238
,204746.67441295795
,293886.7421074947
,174110.1505520954
,202764.20072092928
,486055.4258200215
,228650.56784520138
,248345.19930561355
,247722.0256979493
,239623.48866511058
,74753.25047597465
,296138.6828686757
,360790.9147841257
,242022.2898450794
,252414.9416784523
,317060.18233118154
,307581.6759261559
,151921.23467023473
,186745.05883004644
,136718.480713547
,215294.08232392298
,183249.44149060262
,209305.92825999943
,137085.97859944793
,180874.7218869237
,212103.98531533201
,178534.17408574498
,224755.39619701917
,219893.5686944401
,184627.27093460885
,193286.18826286145
,226974.00930295375
,208099.9659383085
,167217.06422693186
,196455.9408397544
,240136.28706144527
,389900.312438203
,342820.95988541853
,252862.7683202357
,71334.68061498913
,349624.5078567574
,201239.24240137526
,195959.63280931307
,172953.16147299815
,131966.48602162494
,218034.00748219778
,130774.30554378043
,101201.53597901367
,240315.16618425434
,125867.00091636936
,317907.15218257415
,194826.7243144376
,198414.67417531926
,154612.64837340082
,313673.7030667733
,164665.8312611617
,406619.6505039716
,215422.58020315508
,223856.3631547875
,144377.59711499437
,216683.4920463384
,332727.3135219775
,162670.14168272296
,201598.79828952372
,249039.9164929786
,109814.95078020476
,486268.37908678263
,109162.07396070083
,364059.6827751879
,261243.6335525007
,155245.6758082335
,206333.60248379695
,254565.89971346996
,336180.4189061399
,333515.97148744244
,242088.78994921266
,258240.81992666292
,207963.15843031538
,178265.54710007014
,183786.12668516012
,141382.95040235264
,233727.29446991617
,211547.99833762652
,184080.68685825833
,206525.39920941007
,462001.84490202344
,202472.52533571873
,127845.46954626014
,182305.7652215575
,193384.16617400444
,262345.14875177294
,228110.7592271991
,244371.70562606765
,354580.3641933735
,215234.96991975093
,187900.2826304562
,191419.7227764103
,363095.5049867582
,189333.5114681929
,361804.2724230869
,132256.62227501927
,198183.22570696066
,261620.8972403293
,133976.63139649708
,211191.03950763828
,152868.55926111108
,258191.26399708938
,407974.18730576127
,200716.2180888255
,268327.86508531397
,87820.83996159302
,363657.72650455957
,156911.91421043593
,142229.79130679203
,267180.80701229034
,174570.7079701194
,230822.883280243
,279531.63818338996
,231303.59898201196
,208281.35479978364
,334188.1174942137
,195257.29340938252
,263969.597816522
,278888.3520634184
,229459.54696835828
,230024.068913341
,246068.90774854893
,210484.81245651914
,153379.12550369906
,187374.52684504725
,334946.64474546857
,135865.63235406278
,245746.38851528126
,412656.71659949055
,237969.74862585068
,158589.56028809556
,172920.13161131652
,275821.50626579934
,230181.45135364783
,170367.9677067408
,208045.5556567181
,276337.5406263518
,150576.3876346187
,180845.91062772024
,306113.32674390136
,194669.5023309948
,216745.03730937175
,371236.1694051617
,276055.0542452445
,229983.887714478
,191265.0978072588
,243081.06384905145
,151280.47621626314
,191594.86720738153
,215097.0132035856
,196290.32302958544
,189414.20871664898
,202684.8902096366
,163455.01553884556
,324867.7885852988
,127269.02709474073
,217793.16243893598
,98179.3600192841
,183634.9817601573
,201527.0383070787
,261999.4599449277
,105000.43706009138
,334493.8931025609
,147427.42405512216
,238386.43939867435
,226114.94285167882
,226582.34349695928
,494613.5650539321
,209204.44459347887
,122522.62640257124
,203823.3063921578
,164336.74085059966
,273489.0400569219
,169240.15471992368
,188102.5643728705
,203306.1525286393
,184933.81794913372
,128872.59948586649
,472862.6748539838
,135224.45718232292
,314364.5513899353
,188008.76461434682
,225354.78923363602
,186274.4995630565
,184855.3318704897
,153742.30702584534
,184743.93507385103
,81347.03911395412
,485274.210612696
,207997.13726978452
,180697.03011619972
,197088.92342121777
,178085.898996948
,269648.4841411369
,182728.09216674967
,214936.14565623936
,234862.7468302187
,317214.08630882023
,404959.30858882214
,139791.7130409019
,279299.7183827954
,167206.59666387958
,304920.1689846326
,178828.15158741424
,136670.2885323972
,207972.61578204896
,200248.4854891038
,260921.32467547295
,163931.49509062973
,273728.58130712004
,81159.21179933655
,243747.7306802878
,162940.0520035853
,212495.35339281833
,319485.75877156644
,124194.2305230815
,222237.125741187
,217262.90094016926
,479388.7639896826
,295508.2478674485
,173932.43300333575
,218853.56074844796
,243167.40391111065
,215854.59890796206
,208020.77668681674
,183395.74064455827
,266332.43530337093
,226272.18244827903
,505693.9423269814
,143017.104782746
,275524.1718275148
,224176.61636582794
,218350.07445486778
,140784.7763322162
,142316.07994521683
,206687.92640431813
,158942.2367064939
,110549.7177295056
,264924.63128186954
,274883.61391625524
,204341.66303504203
,355584.4081116875
,160356.5590599575
,322464.545570997
,205173.66849426462
,259196.83055285487
,209394.48390764795
,452718.9829516898
,155048.73412114984
,233696.72959430405
,173651.9047685467
,210717.72284471442
,117608.0681413208
,195310.0249782696
,459730.15149831586
,120992.94745870437
,186932.6082849356
,242507.08751073104
,80658.82862818532
,390790.9265949936
,217166.54690936484
,189782.05540998833
,259284.58953200374
,159186.68886937934
,143083.0393085325
,220287.52615326815
,379990.1539687803
,169138.5981893989
,262502.85943750193
,205690.9545142282
,273297.0308399977
,221488.24758040952
,218533.2226269467
,204377.66421327574
,217725.29011288268
,198363.5958350692
,201612.15193486126
,223383.3124373015
,225570.98256139905
,222638.7862740263
,376980.96435683937
,250757.0517237336
,140340.3165075655
,293625.6262046669
,115286.75285289812
,189567.85623386555
,232980.92403894174
,110270.48478939514
,212770.96468707683
,325709.47863224894
,193456.43175706678
,257663.5950711104
,297045.4008725355
,219439.6330109728
,232602.18990955062
,182783.79336003267
,391469.52964086196
,177915.41790992793
,218623.81844240733
,189286.2635020497
,232403.75405482182
,165992.11976423502
,190797.95840823522
,273341.8417469095
,176244.2467452761
,180051.1918984714
,195495.53941542318
,256602.8516196723
,280976.54722989915
,437395.0302014412
,156194.30712530384
,310567.35277264606
,311365.46706684364
,325771.3320141664
,361435.17826889624
,297623.6582003403
,243786.00207278522
,227836.61984192688
,194929.28014633135
,145724.25337174945
,219438.13543363658
,195706.91974822016
,213633.6887022361
,212238.42324355897
,201832.85044009806
,281242.3611232342
,196935.84298139086
,156234.66614162648
,253523.31568590528
,131595.8185301698
,137019.16541679157
,214157.14532925887
,175598.05869950858
,204975.47234096605
,142790.78885193996
,87294.13934997245
,391541.2478921138
,125313.34726820374
,226665.30986965323
,312904.03140208096
,245002.8935206709
,220876.84895862296
,623348.8005934993
,183337.96816556598
,386062.92609911715
,206942.78777401525
,216666.8613091722
,170952.59232685922
,275440.1819705417
,314357.4720802505
,247263.47127193623
,170136.8618647908
,147325.58788485816
,192385.968702151
,202817.57682034856
,212874.92169336084
,265694.1994769451
,199195.20636345109
,131557.15595218042
,240196.54211306787
,189648.61481178636
,130053.57304761391
,210371.5593643649
,141379.46942649366
,446301.19061322184
,161338.5616562365
,254750.3813876404
,301461.90517909045
,228955.65144038765
,254363.4412616112
,240249.6063732655
,156364.91691529608
,170265.0029757932
,194883.20879475315
,168790.95936163948
,180500.49708362238
,263819.16101485176
,228819.20925959141
,153101.86972761486
,355248.58899127634
,223181.84389243607
,271340.5866212972
,146738.00144642263
,159289.70696713214
,290243.4620283953
,110487.25209696806
,161559.20313870595
,216115.11359583167
,274143.7326305111
,173091.2280903459
,144882.06936176514
,176787.50627292274
,197908.98344519982
,281850.1216430465
,234087.44946320463
,211072.42782757842
,239559.8803301173
,142892.83829500616
,251795.72178189832
,169292.57090737286
,406358.7796374223
,201100.37329037223
,242639.3920244341
,171351.8965821276
,214246.46772114062
,325737.0891909742
,197926.03994008695
,145793.70205344027
,310694.27083998895
,198509.5537671439
,238842.1173216474
,203958.47002459108
,365915.4984150553
,284615.24340682494
,146162.42133836492
,196686.39650095248
,199605.3829355761
,261464.2102941889
,188682.53556533024
,231329.41641513453
,178169.44410106953
,183380.37515355292
,179447.85501065917
,182208.4965630664
,255085.96291792108
,387988.4963923353
,287206.84558104293
,109153.06542489349
,237512.8987264369
,260363.08703695016
,301118.76099404925
,229592.69399568584
,195879.5947981763
,225970.11146733252
,84697.35781004002
,203048.15343852894
,210143.98072888603
,364199.39059235464
,440748.29075221927
,162721.44694072838
,180691.22832216628
,237665.7593831599
,169295.0713102321
,322514.5802131929
,266142.3812211289
,150953.68055864907
,252628.49969254975
,227453.01597306645
,176278.8056841383
,189232.16418153362
,162693.84004672084
,154355.5237823861
,310943.3969256164
,216250.64512740233
,281128.96180338727
,131655.37917423138
,119054.93969655073
,222536.89885596387
,197887.3813696997
,125593.84387706571
,204726.40085345527
,210263.93751375945
,227107.18214485314
,241294.61910064702
,243554.02497183814
,167455.42758130166
,115492.53747220931
,306446.69879393105
,218076.28652343445
,237031.24500435917
,282116.9151303317
,179661.93894352735
,268183.6365113558
,277236.98126727133
,234414.27086096138
,185404.4959587384
,220345.17756732873
,185817.27574718176
,286935.51738599275
,247374.8781093441
,170719.4701434563
,492945.81837560644
,182646.30138063387
,303286.973892898
,207903.13653191357
,324226.577198106
,187561.3361844538
,288590.3414502977
,147485.35882706335
,435475.88742216735
,152297.28248855844
,179869.29886955878
,128142.4439749582
,213732.5138031144
,204049.20527986926
,115226.09513852635
,213482.1888858306
,121299.49042352589
,159075.683886841
,395796.0894897152
,178950.88122897598
,204013.25381851353
,164416.26052837598
,318667.4642661144
,218533.37994902924
,169947.7310489942
,168028.74960509283
,245482.8242170646
,173810.53622898797
,309215.01319432375
,259438.38326862844
,346841.8006883804
,339455.0757867843
,374023.8001288167
,180783.3683228564
,160061.23558792754
,170048.13110840906
,172021.22881796682
,215307.10221198536
,360925.6558473236
,271694.6514238135
,213191.7595709958
,327944.3692861729
,306726.0161660619
,228051.04958438035
,337750.9317723269
,295768.65387551615
,131243.67152221187
,199439.73879466255
,115898.26684364234
,219674.19200711983
,391148.2018639194
,288470.9804861013
,236191.85719065144
,169459.87465789958
,202345.73903747014
,223044.23530506162
,228089.63649257843
,187429.6247617637
,279787.81438592926
,217359.67937731626
,208082.97455709166
,189738.58765982947
,444424.205366069
,195859.90154480372
,239898.1246693685
,204611.36854118068
,205450.69510993102
,195970.44694920178
,243869.76944978235
,485092.1856319677
,101137.77690335417
,156861.50611724623
,184703.22362960372
,173162.39382736376
,357821.9687277096
,331441.9902182018
,166106.6820076342
,138238.01732042953
,179018.17442172527
,150193.19663643843
,157586.9407303347
,110761.6791212489
,206546.57235829424
,222450.6406919369
,150291.04855163273
,165983.84146372063
,215973.18582486606
,174495.10880664128
,401206.6965016024
,161280.06131221174
,105688.33621166594
,226021.54860786517
,219954.29868930648
,127867.46168032357
,147204.96293107857
,205122.4767534849
,414979.40417649946
,188451.93278053278
,281643.33484359697
,126307.71170529384
,223379.76890148403
,238104.44798819986
,241151.91677495243
,119100.06983116442
,171065.61622943406
,247021.34019416
,152229.37776031447
,230748.65194093998
,151584.49030244834
,307425.1856247017
,99558.92220499979
,435250.96430886764
,134664.6625935031
,200913.65897605915
,335847.7979462873
,288867.7422844513
,255008.3600624314
,281222.2381141055
,147906.96050924514
,102198.34222911877
,172494.31055422794
,247410.20260682184
,172090.65235296186
,149408.50863599038
,159143.2806376281
,177303.67018283127
,209226.76249058894
,221789.54373856398
,291244.69656113605
,221209.98857722938
,188431.9719159301
,270351.87084424146
,221126.46823136517
,235739.83282861696
,271636.7258595818
,437272.2989893929
,201128.16299196912
,256905.4451196192
,200716.3209523604
,319382.66644288594
,269249.9475288217
,72342.40889546745
,207351.59679407065
,262281.8154695226
,359489.1184651231
,165481.6737040813
,246776.61141987317
,198707.19143573116
,166883.11117073326
,327094.6985678401
,229330.25092393457
,162208.05811591816
,340194.78557520907
,180587.7964907375
,117061.93609452971
,228717.43223748938
,184455.26048070387
,138720.8481035465
,151226.44160581674
,104727.77386405061
,152662.13626218296
,193449.13438159804
,94875.27537839426
,177001.5597660321
,376444.31204966526
,177896.0287078315
,147872.7589329405
,135359.23514608093
,156293.59262880802
,198737.47104653128
,125775.37155423759
,112039.50107152159
,202265.24401490708
,159791.80361430545
,176931.65983550125
,76939.96256388465
,312840.3313211663
,439119.98801310535
,200839.58876099723
,230488.95569178177
,207937.01813987253
,168202.06544218562
,177462.38380176842
,434358.6636064903
,197044.47687025677
,205966.3419098212
,167789.7778703918
,138257.40951689077
,176924.56460739064
,194940.65675278127
,153624.58589501737
,142072.16481524246
,188421.21732599408
,209728.23682909893
,254741.54550626324
,225800.50843402708
,142461.3207288373
,171060.9331086373
,274919.0001674467
,162149.6317789861
,237194.05770683085
,231545.16825291057
,149232.9420986032
,126545.28071553334
,116193.96828141877
,112176.82675880249
,216455.68709352912
,244252.82604174915
,181135.00010076267
,246413.21298126352
,228860.60866234248
,146878.59188967152
,197670.8045905888
,156800.61611738065
,242446.57773559084
,198281.04475922728
,288788.3902740898
,325673.9897286292
,182108.45414892863
,200573.70215951224
,176601.75275350528
,172473.36016001197
,164768.39154495308
,176353.550170428
,195658.94821127702
,173758.78665543866
,209045.49337149182
,173500.08381566193
,213966.61249007596
,173418.5506441708
,88669.16974415159
,159827.5740801602
,339010.41965750686
,196986.04015147273
,136933.3750173704
,271885.004520035
,204193.42069566465
,139979.19873649665
,122917.41888652755
,130203.69973119587
,264932.83471607225
,418219.33591838623
,108350.76800573425
,209125.23048308096
,193158.97116748025
,328786.6957108194
,189405.8692584619
,299725.9467209292
,250196.37940210072
,189565.9900585085
,173003.22671543775
,137081.7095699628
,148063.6923848179
,371413.63293484156
,197983.10612621016
,187366.04076198934
,183478.9580665482
,192901.26775965927
,250503.37388400934
,168437.71099142235
,273170.69642088964
,184117.35750108198
,139805.70022571494
,125507.88666776242
,149891.07513146903
,142423.41517962873
,230223.72003127786
,212748.79512319557
,237323.47181183545
,282399.5409207121
,214406.39876430485
,281781.8614902323
,339732.1069534661
,240353.03422168174
,161876.7490881016
,182562.37149368916
,213400.16121015197
,266295.2947393982
,195372.12537883734
,284488.3778532078
,261413.28561449752
,267862.4100122737
,286935.51738599275
,170555.59359685663
,194931.79198699648
,167460.521174387
,206622.47381083237
,146864.8638868663
,320896.92352370516
,215333.75997400327
,351314.28075536125
,230530.43558032322
,211063.2038571279
,321786.4554229363
,340271.16786428797
,231380.2751205284
,176492.12727906625
,217898.7475128803
,114035.05730117214
,189003.50142959692
,316060.6266933293
,138598.95082167038
,254624.48086016052
,445222.33530165226
,159524.83787904956
,74395.77331417215
,183731.01007867197
,175634.6978553935
,172117.07227434736
,228881.58617133493
,317057.0314067873
,213730.6690631883
,274453.2091854105
,202383.70192028914
,188313.27837093832
,356967.70674475323
,228268.36027249348
,191553.5210522485
,257904.19435605977
,243049.6015265392
,169485.38380825685
,133577.3346838943
,177150.50697423902
,273959.72921228857
,443677.95463370107
,203913.34350447092
,218570.28124984042
,352525.92236272205
,491704.13616557984
,404266.8753867428
,163088.19086047856
,302614.4566624768
,231320.47866639635
,217045.47270322964
,183999.4239167671
,153354.4351917959
,323296.0620994837
,171476.73704125837
,467158.73961728596
,283514.9973277154
,429755.9444003335
,144060.96560078856
,268062.70965051814
,193676.89977084775
,277644.37374238746
,123555.59407934449
,238975.59178993004
,266715.9599222243
,170794.66378284496
,183935.0445334275
,144093.37477286815
,292529.1767138454
,290395.09854899504
,192748.33160657913
,238074.84677568736
,108612.82789480193
,127811.82585931523
,146888.63552501617
,135340.60499064781
,162630.48561043348
,171645.42656668593
,286450.39758906624
,212725.7361413998
,192343.17695761303
,337150.45629103296
,264650.9299589589
,164904.68628917745
,288318.42907907354
,233756.95589322058
,209245.10824154213
,274688.94787033513
,233642.88436107518
,161368.63193432422
,230275.50616073317
,289211.2373247065
,169133.93338166532
,231884.52217598134
,212861.5672618643
,154355.5237823861
,184071.5797517563
,167262.16422419526
,143737.54105038857
,185353.9232061464
,187834.7189157595
,183095.6081128946
,213865.6925637901
,163344.87187799113
,258293.62586791356
,337201.6974810052
,141493.20163189596
,416403.4133413178
,213050.21967209145
,158860.821660574
,150438.8627177474
,213739.90994865654
,188868.5983042148
,203376.40819346634
,193399.7147784879
,140779.6676782229
,240486.75377218172
,181430.9661328305
,404011.4638104323
,205169.62084592934
,335045.44231765496
,232144.21847456525
,269458.72520254436
,111126.70627157923
,185971.97975193162
,251897.23849692912
,185110.54918009613
,272898.971172859
,195976.4361537396
,336220.1006565675
,244245.07822793766
,155732.11546348556
,182248.23664280865
,197394.65247261993
,99512.63249677896
,311159.60283853416
,178750.28431978458
,270468.88637506997
,253144.90003843154
,161887.1664325395
,158910.31414764325
,213028.7710147589
,187469.16167161558
,180741.22238431583
,149502.95086671296
,241345.8887844087
,225094.98392236058
,410934.848511264
,361093.33072047826
,308910.5225444131
,212025.97684986738
,186812.39359122986
,366482.5184301636
,308285.4243386284
,344344.79083654995
,188118.30058626874
,139201.99837818532
,385299.61997734796
,142636.87043665882
,141002.95776942067
,234767.07156537875
,234788.11240219398
,197483.80503658927
,134796.05753874566
,270714.4252411388
,338458.24204939575
,136340.68373096606
,162191.63888118597
,179756.25941698143
,206037.40560716635
,166385.62822392996
,188721.91165977763
,188345.9746427184
,147091.83715745137
,177011.92385744327
,200874.11808269736
,264019.9366070548
,171027.80059968264
,360997.7982549007
,102603.9653473331
,200593.20987575033
,350620.61065940966
,157544.33991957855
,77565.02665097603
,214555.57155545492
,127087.75663128796
,249159.49800639672
,127608.81716340386
,256452.90735805623
,221228.4596770836
,122088.83501902648
,154681.77031351937
,205601.4228793905
,237770.0617488217
,82865.7652632293
,185580.73526299483
,232979.78152613455
,181486.2984313615
,240562.54117162948
,229906.2606732489
,140041.30416459744
,197883.60385394117
,172339.33281210982
,286243.4161043269
,375315.19421195716
,322495.79050486244
,250400.85659638993
,123343.92135517966
,170972.31149734985
,297442.6898106544
,216304.5862780728
,176355.01973444314
,213949.19646717957
,185182.45568399367
,208913.97941489186
,282249.81400657067
,153153.57464276324
,306300.8466834399
,245424.74023501162
,147587.61316397344
,221688.89633420183
,213591.86038261594
,164345.58111630013
,306673.5534401743
,153146.17535346208
,183220.04951819446
,386383.38259793527
,479097.0690124221
,318934.47234622383
,152787.3452141461
,266418.9295620912
,260035.36393889264
,128701.0698089532
,342987.54010186665
,243680.6913724754
,235206.7725580493
,84680.26100876255
,195390.73290992883
,210031.88294514254
,261468.28451797905
,173577.341258518
,198044.81561340636
,259827.4374244075
,210346.04242287378
,177277.521015523
,296792.9583458588
,138609.0037940891
,236292.6000294734
,381236.9588106331
,115456.60581453671
,405423.3100151099
,241222.5088055932
,162713.17849424537
,126266.60064134159
,128335.32493527625
,208088.27220505345
,139839.58956677996
,125164.58592718976
,410477.07798026176
,318956.95671473606
,181504.71294932908
,433046.1004589831
,199352.15791607008
,219311.10494577137
,147123.07904456783
,232275.10754264446
,242016.19808729785
,149099.6236015354
,315918.8896304627
,260158.56712556578
,206688.34005830303
,209301.39249283055
,248293.1096073389
,207766.01399179458
,248285.98814551588
,213275.89873588434
,357380.9432053053
,162334.1512348098
,290788.28959309205
,314026.00284524553
,203506.60898439927
,272516.41618666536
,180267.96725529226
,190181.65003743116
,151977.1481517368
,191687.28746236375
,208062.27645889326
,269835.07926122856
,221543.9576072127
,124018.98733816293
,161249.8220144485
,385669.0156177424
,187416.0147071703
,254136.4157768172
,183841.6680312856
,136675.35280375872
,299541.6930076186
,212630.39645526782
,165198.74719972553
,265785.65806756954
,184397.27723681912
,285192.2570722851
,220463.65683771775
,248835.9646116886
,184593.90327098832
,151446.14522385123
,167674.92168107466
,175762.5908501215
,133738.64565703695
,173039.65154226337
,289612.88116065226
,229690.08783613215
,155388.74724766953
,199165.06589326277
,203675.52281126397
,190493.2495136857
,211790.6466201248
,286439.7438365732
,246967.05430870963
,393652.7530577808
,165192.72477314004
,239854.96611449498
,300631.5999850705
,416325.3617872706
,213564.36757261184
,267548.5340790607
,275137.12796212785
,191953.1687185211
,255622.6578037007
,198740.39216603714
,220375.63265513486
,255124.6395115085
,166209.67177791306
,466442.40214710234
,206333.09645392429
,214528.00570999598
,184972.54267562786
,331340.6530374243
,193436.4358855294
,245668.83473528325
,202252.41605109628
,250015.89769614855
,471499.86820405186
,463693.840728787
,431566.4154762633
,428088.42559664795
,223766.42716796114
,367506.24576024857
,216986.95766089222
,130122.81408897533
,210927.3183408625
,177403.1025490169
,203340.99937855802
,331736.2642509943
,200469.56347407878
,165976.12470022409
,220844.8521967224
,97761.695194684
,139317.82622819082
,169452.9482047419
,55206.90514829374
,158855.89090487364
,171042.37318687333
,164123.35702985068
,145166.48801635756
,129179.5155278021
,379144.46512882825
,213023.04820242547
,185867.48501794194
,227878.33802378015
,173061.1538844628
,171617.76159057676
,234607.6044687461
,199427.99769487386
,223803.1166289256
,287747.61066364794
,227868.49207044803
,238452.79853514495
,147728.02427959154
,177481.89415100383
,207134.88218345828
,271257.96509813785
,195117.36869681042
,449509.1602088454
,197374.115945
,192457.8186181737
,110969.79903980001
,149259.1443223757
,238818.54848316425
,213542.07666876822
,165603.17439973087
,184753.128257545
,190362.43332455275
,135213.47147071033
,272498.1010564453
,174491.09070673297
,118331.99421520518
,293424.5220311409
,198582.21238526417
,197679.7329506923
,271405.67396808707
,172735.25599807323
,134693.99691942934
,161785.275361001
,220373.84932457487
,238888.8951703995
,138803.85971180678
,276190.91216415924
,190710.52772074786
,325743.1998776934
,300124.7142092807
,156674.51238445865
,235827.93733327807
,189282.51590301067
,321167.21384718857
,157936.81569356707
,156891.42266180186
,249084.89820650616
,343504.5824890731
,373671.1100041355
,99535.15312445076
,360521.6133153984
,219107.37885636027
,270711.6334762704
,289146.9744409953
,247827.3154570259
,212894.44334104325
,256108.4333469625
,294652.2105763099
,207565.3088911623
,258808.5209782193
,192667.79717272072
,220132.8979494443
,337648.09253562544
,352882.58712838346
,110746.80000879326
,288338.2428990505
,489424.1894474612
,132705.98497885757
,172056.70267030608
,194491.44989273822
,330775.12257573503
,181662.19638836797
,192869.35261170697
,89704.82212002907
,150196.89508852997
,108397.62399538416
,187719.93450861576
,406439.0789945809
,178869.4170361199
,314854.86830581044
,332446.10885589576
,232805.6735318657
,233213.54008476852
,117304.1096482673
,183807.3863029388
,292217.6619379577
,216599.57737784542
,195391.54993731197
,164614.141260492
,225101.14421656213
,219485.01105223646
,118967.86796862193
,165034.41352542667
,159754.28094630857
,277452.8614430385
,184841.01057575218
,118562.95353211439
,201118.1013057585
,153248.71368208696
,163229.0244084856
,367574.6522446351
,113263.60391043965
,78931.08288589239
,168759.90237089936
,195119.78578319677
,156883.3708423223
,321700.02051542606
,239637.49462308243
,197536.8419411232
,440266.61955221306
,247016.13110163916
,186858.41190513346
,255688.50754877937
,199315.3530613136
,127153.9546707207
,204874.86258882371
,353508.3527982905
,274807.82337964425
,485334.0388852552
,188288.4951201443
,329228.0190811712
,131958.88345004182
,431893.2920773468
,390763.56918361183
,228798.70148500634
,224975.82929518132
,261032.63137907875
,177336.49116804093
,211380.3070140524
,128584.71416495756
,179291.57986962292
,368132.9196696658
,191008.02211295525
,156797.76294013756
,236381.2297149172
,297495.6769947082
,309958.8590638204
,219162.82857112304
,238442.38789485273
,178858.12660500844
,169031.7866139931
,254450.98946146935
,166606.91876077853
,178922.88856093722
,248733.846055573
,178603.37816332182
,125438.26765758212
,217105.22057150837
,238451.01268832077
,140680.2335462312
,131437.9326360542
,139696.05867340087
,223431.3318424802
,221812.8010256785
,184800.3438774806
,135770.67036186106
,145462.0413235147
,209652.46401130248
,168263.8774985752
,101457.93464210347
,206287.21954082514
,185235.34367864038
,195748.99123771695
,205744.4974179013
,197855.1537412401
,188729.8890659526
,222359.1195235314
,242049.77437206154
,200361.86443325644
,97728.18212067679
,165697.07162496992
,153403.9502506034
,274987.3753257619
,168874.90070250412
,268837.78220149304
,506989.9400479602
,204659.55301884978
,138899.17817591268
,183139.7888260164
,207916.3278425239
,128837.45859043083
,175573.24553178373
,124199.49356065887
,173945.36799615246
,284879.72821386094
,204435.01973910208
,218184.93542366347
,233024.36275037704
,267392.25132982654
,234205.21052296966
,207217.60366591281
,199450.1655959323
,172141.96462989209
,295504.749852936
,211725.39595947272
,302895.9193073138
,142060.13546942596
,240472.33026798844
,232280.91319064976
,171385.37626637792
,176045.02855771192
,173068.5858041454
,166951.3166169721
,346612.8983542098
,192144.98101931263
,204392.46708342215
,166376.00811936922
,197073.75015491486
,305195.6758234074
,159294.485378494
,155384.67298503287
,199195.20636345109
,143718.38826374194
,239251.34831861092
,234251.82820965932
,239870.94541484144
,196231.7245149325
,191967.1697100868
,228340.12059458045
,126054.73501654611
,157433.91528204572
,253060.56677410117
,232205.54313847824
,233927.43238676045
,222494.3307686915
,276152.8586283311
,170401.42644853026
,359201.6626694624
,109525.88703505126
,173807.70486189454
,233569.4585365262
,278866.8387884529
,210331.15127575322
,404863.708167712
,332807.58113650046
,140608.53044048595
,290255.8103401655
,147238.76496926573
,195897.04880217975
,208779.9197600413
,276144.8289287393
,150822.1716907357
,126340.96902952388
,355987.3126085225
,112728.83271181367
,303863.066866014
,229121.75761724755
,383678.33012055414
,220027.60526959968
,181529.89446252922
,288827.76362668176
,162496.18688983074
,183888.8595284186
,412475.1759004653
,191518.99531812806
,193842.56097092378
,201551.10548363032
,192164.1203897769
,230265.88799425084
,193612.76205622297
,188930.16959854297
,130644.5858101581
,135359.93965070957
,198761.24458154582
,244980.18706907463
,158888.94927026957
,163110.97632044807
,197205.4203110344
,339408.92998076766
,170992.44011571506
,142632.0563283536
,340860.1489632149
,190455.40492184352
,115183.13532584086
,167814.32319000928
,159216.67324131832
,312494.5811395805
,183334.93125435556
,256166.57238437881
,152059.26731710875
,203600.32049088302
,180652.65958455208
,356374.0653887194
,195523.99960506315
,197242.18580184554
,496327.6234028875
,185040.03484545427
,219693.67819126617
,423305.75286985206
,334965.8783334556
,244071.83375861848
,204067.08540513032
,106083.87656192924
,184054.43234580182
,168646.6034045543
,215624.658442107
,123678.39346736042
,158146.946307038
,214034.03629076295
,219157.82053059625
,152734.8205668561
,204608.21239478976
,130783.38440160829
,323111.4724388029
,182834.89753941397
,350289.4761374328
,271935.95245566557
,127051.92937011372
,275231.8297771996
,409669.1091266947
,208291.413148937
,145956.82992543367
,177868.35806033356
,179384.00217912166
,238360.76330946063
,294907.9557185414
,173504.46185637548
,412997.7613129824
,191869.03014831626
,404807.25557547505
,385917.9097909478
,70478.06599757035
,156133.4113900339
,142449.94470308878
,158131.71003013148
,269039.73234197433
,125246.32690657912
,99072.85223802782
,154089.01203390158
,156618.02171173284
,192877.4529205037
,188690.84610543912
,191757.75466526859
,108100.70401203712
,229225.22696277208
,329717.76822312566
,206152.8942619873
,335520.70255501114
,175875.00750735597
,221043.712757931
,176023.23851179346
,324990.57617166406
,228563.86269945672
,206860.38491878513
,116363.92486731654
,425424.32685166574
,462296.6952825461
,250367.54592858147
,222254.626715286
,273891.5687291993
,477452.871822093
,183687.74471215846
,344856.41540909995
,302410.1975640735
,271419.8736827731
,196435.17719843364
,124915.05703198908
,281005.9769387309
,251809.3257126081
,198218.57019182088
,190707.69275616715
,220338.78578426086
,223809.83435471664
,182848.96225805007
,179962.27689439474
,322166.34222502494
,293416.6792729946
,194604.41673399866
,384311.60250752873
,198253.5819395489
,137484.44079292266
,277131.76722405077
,340066.7320681489
,234505.3982234589
,392955.2283862265
,139417.87574346634
,178578.57723525123
,163224.9570038468
,128796.6546146929
,134889.65246876836
,338716.15243086306
,186335.49636183068
,151867.7066475707
,141266.18988694754
,328147.4385482791
,277146.01776413986
,145088.71137828706
,233065.2595922893
,239940.51890491202
,310618.3933713606
,248323.52264564435
,139589.52968033485
,150510.67231082483
,392036.43399774656
,180961.45524353322
,156644.01840331772
,202618.13863942996
,151748.96162925573
,402860.8977871065
,293483.4386397661
,232705.11621676074
,141731.96852981282
,148255.56164781292
,97872.32460596014
,144156.57073948163
,304708.76405595336
,161830.58449944187
,289562.8185863722
,306556.79483417905
,134245.7271789812
,176789.4843035868
,331698.12092244445
,184114.77962818835
,249093.41044809012
,200008.23592035487
,193341.65836347677
,252827.22545368216
,148547.78541170823
,193282.2776754941
,284826.4626435358
,373857.7154620256
,307672.4729476919
,128284.61457605843
,293085.128681337
,208675.96728737233
,138238.01732042953
,159326.03660035046
,242851.27328023087
,84999.91753592336
,238832.80220229548
,218109.55428934118
,437383.9872902825
,182479.45638734184
,176441.61231771923
,269469.3455934914
,195065.17484187966
,201201.56922816276
,375014.82878784306
,202111.75368363337
,155558.88345926412
,271841.2485678812
,282116.2780520259
,164022.51306338716
,261478.00188572612
,215076.69501414886
,200505.20862074784
,298367.6363851864
,128126.30099138482
,476439.0543450807
,231738.09915704437
,242062.14067749464
,78563.66790136287
,169228.1537910296
,121660.90252293691
,230419.28216816142
,140139.30176668943
,172569.9051136628
,99813.55219028819
,436721.26563978894
,267597.79775731213
,273992.1117229509
,191168.88277974064
,275871.45246104803
,281163.7326462491
,181172.45759729005
,204201.87893064198
,231397.70475457027
,200587.3014027415
,164863.28560018938
,159528.5086898868
,191654.31347181025
,179515.53689555044
,245975.31349475408
,121199.96605005862
,188142.36999812457
,246009.71419040707
,222814.0977328677
,165801.73068531795
,193331.08936697876
,170769.21684405702
,186854.3606736221
,127452.02175555947
,148980.98964691107
,275006.81181205413
,173523.46756624285
,270008.10857555334
,183110.03989116594
,227779.25766953788
,451902.4905126497
,265208.14964199165
,267367.4256923731
,285059.2860395149
,247812.20594787694
,416066.3385687108
,173606.59447032612
,145753.62306638405
,238134.9172497507
,192558.72459685028
,193584.81532553065
,199901.71731119978
,102408.17652894293
,265078.67883160163
,200566.64817042495
,159246.23017637234
,154474.55571066483
,147650.68252243628
,191215.24292847773
,144693.8324419618
,157181.72787616323
,333947.71117589576
,275110.508851082
,234233.2958987189
,248939.7352858671
,272561.38582321664
,186920.95164168807
,264492.6365028153
,273087.4411337114
,224161.5140174108
,288451.23675426864
,235739.29913263532
,257011.7793687319
,196809.8218034696
,153695.5405007165
,115165.98396648321
,213667.0098743521
,194186.75881711167
,256820.12668172596
,138581.79219480135
,198176.95852925885
,198333.62582766556
,330801.4523021922
,284615.9969622846
,162525.83315244433
,189140.91770205626
,199479.42613177607
,212285.35790376016
,197652.49267939932
,192823.37384673918
,89776.25891053079
,122670.87724467777
,202003.11855495986
,263141.33168413467
,414187.979278756
,157218.60818977893
,198341.95836171063
,206127.11532509932
,181709.05037103244
,276235.89591814677
,194800.08406297438
,214974.22793431638
,271426.97465157916
,183802.70409612614
,200221.4565148991
,313847.80373919295
,158758.73387859913
,168465.7290139636
,150950.49323836833
,459216.0024017238
,214748.76692428696
,252282.8281947435
,173369.20400956666
,218527.59797125973
,339537.8304944836
,161282.207564932
,113104.88482401933
,216271.3977968293
,134552.2795797535
,136877.05650339095
,106907.20043826029
,209434.22663204893
,278024.20777670096
,296098.6352629415
,160483.2032612848
,82003.85957836441
,253442.27174918904
,143396.3893374782
,243849.36376228146
,266032.5958279843
,389344.33571204136
,159978.9271162922
,220645.18416516576
,167123.66631564437
,204471.26979290566
,143409.80714245795
,189840.35732604176
,151042.9748358087
,169383.43337293903
,187570.1549965957
,220287.78475585987
,161710.835693441
,181729.22350907387
,367301.34704749065
,163657.16291248
,197891.5660681418
,247848.04181560536
,349333.71958520205
,216933.78345683808
,187026.60749842302
,432243.6000711739
,403895.24980865064
,241413.76370983347
,134626.58983930227
,184285.17736599778
,458597.49757219
,112037.02037394808
,176772.56961679555
,241323.74316144618
,216935.82454527807
,326836.77450023324
,283324.6517641637
,403908.7053798022
,221235.5354960761
,109870.02813883818
,197414.0204575024
,150374.01668320803
,164921.27950187874
,267111.69600471464
,394190.0643999229
,125413.90121147996
,69992.2179292752
,147602.49420234293
,232623.41331447117
,180667.79612670155
,418344.5621102386
,223255.0222994029
,418613.0392202225
,184989.8675484355
,159105.39292325077
,258822.23814469695
,140361.33818460596
,250000.9496660166
,168741.43276473155
,197413.20612194182
,139255.50327853917
,210546.638248372
,207932.37355052857
,211497.17885453065
,104601.4991540347
,172993.84713376718
,239183.0107430388
,136420.3044339792
,300218.9306074235
,191469.91428864468
,177343.86541218252
,251479.023043408
,171542.93470051477
,523216.3185710157
,226769.23173822905
,158038.48973779439
,285230.9680698811
,252825.50504553528
,153726.07769632188
,155545.61436523046
,360415.1893305557
,198852.50374513035
,233939.27637502627
,181965.2255024582
,192385.7613616865
,222712.66277192777
,150513.1388965382
,221851.08780183236
,146202.4444311986
,167449.63939152472
,440532.22541346075
,264922.0098621364
,168594.8801660679
,202506.04856079366
,125171.93020993553
,325504.0297287781
,274896.36706600065
,210605.2619810381
,239926.3374974526
,165845.33052373244
,310139.71837054426
,434704.9558692565
,197273.49940131436
,162207.76040072576
,530783.127376335
,184293.99781233876
,160720.89003843107
,181383.71925024647
,112236.06113752893
,379596.41496520716
,360288.4016188095
,172104.30375452864
,176102.86099947587
,196814.78447205
,190197.7851704108
,178038.3575601373
,97786.61073356317
,119543.38816481779
,191440.6675158683
,401883.06937455735
,188857.96048833607
,178245.99291780478
,177952.30852874985
,174454.8035677853
,206007.0713936739
,234116.4503841777
,178836.84918068012
,138297.98473609882
,202644.4590235707
,169587.3282714339
,180077.65620978756
,213317.3431789653
,210544.65300627
,217335.94065638157
,143579.69395039947
,371265.2764666766
,193682.50549596775
,372431.92160577537
,298802.7184799377
,193172.87399224704
,322861.014375548
,171844.5149002983
,140888.51347499606
,163636.53384275074
,351999.15436347795
,184130.50793935786
,240736.742984361
,150853.3173789828
,152496.2984458486
,332052.18969905697
,156082.12802729494
,195494.1907719401
,144322.3631782234
,166963.93069241376
,177930.28169626443
,331499.66481609875
,263559.89584715286
,232167.74039825785
,395794.71137870353
,191661.43737891273
,198033.30264789844
,189668.8045249903
,285267.8122462486
,200765.12934694873
,122977.6626487649
,274762.4299385458
,163427.85386823036
,269517.8219330573
,171050.47241918137
,258001.6572204413
,152041.34566355599
,241693.14816583568
,135274.17891410567
,430286.8064588319
,234216.54044024737
,128582.56453175363
,228420.48774705813
,192682.1067965402
,148277.4421101045
,478274.1826039685
,118045.81198807861
,266844.58976314176
,243261.85897341426
,175302.88877103102
,269194.43504858867
,111585.33591477477
,298551.83153748245
,335174.5512749996
,97080.23815738653
,184078.35778551293
,211658.71854102114
,150961.76922291992
,169611.2720836331
,230377.4094864358
,337909.30603316054
,174535.52229648537
,170598.47495246428
,164656.9741796091
,155271.856959257
,192229.26802398628
,528005.0199514768
,168893.69443308114
,281575.8752523606
,254011.9725346404
,114320.51744954627
,172174.34150513913
,141964.4433818891
,92695.18093542413
,183515.95899499056
,200559.08767922744
,379507.87691985216
,254715.01044389725
,429994.5550087991
,229761.2341956206
,306228.61915441795
,324083.32884385873
,218545.0374736165
,270428.70975626895
,258332.4472088651
,171597.93705741782
,195241.029595563
,243776.95700410748
,226047.8762333983
,207285.51591089196
,433338.16216918366
,187303.77580246783
,242042.515681954
,179288.13044665495
,313688.26029868243
,127029.70584714545
,300779.1266669483
,165274.2328542974
,212250.3072369948
,239974.848630455
,137331.48446690783
,216155.3247757618
,407864.88649772067
,125950.87198063215
,206686.04466694905
,372720.92427714146
,301979.2228448237
,184585.0620995165
,126380.3226583496
,156691.51164169717
,153208.76874847812
,183296.57913258587
,240174.97730746586
,149533.8057724729
,158180.05449640227
,193803.08490321436
,202775.80767495805
,176823.5957510698
,206093.94349481005
,376123.92456166015
,235013.58365539616
,173776.4337766974
,231622.40567969906
,141565.9348427116
,198029.70758243583
,169410.98999101602
,177744.71529794464
,165701.27317427378
,199245.95451883716
,197485.5225129038
,239932.8644978308
,171377.43878459124
,220196.27223416587
,133908.6961167272
,120042.83042793038
,166500.22676579692
,274115.04323728074
,224142.12311208172
,129780.97268255547
,227674.16446505394
,243861.00633364773
,176090.46531916867
,81577.30202644097
,276579.66263711907
,125900.24011894914
,354654.9813719372
,176098.3388033836
,75002.58845108488
,224555.77225980768
,110018.84207489045
,166055.09896320643
,183803.28249463634
,179544.304314373
,195063.5158161557
,150930.43179923767
,418132.84700625576
,269202.00497402844
,156342.8171367448
,219342.11488249525
,291288.17857311835
,207485.3994337476
,143393.49564343868
,195833.04234559427
,180594.1654289701
,307760.68568186264
,191562.16149034147
,316207.97543885396
,233667.10609871667
,233187.6311420896
,175554.29548715203
,210272.08791444055
,218119.86661200284
,248006.51578585862
,257692.39124573188
,191554.83160989938
,202381.8855802237
,206645.80315295633
,175144.574305104
,191031.28516395894
,168810.0986159863
,272808.0800584259
,143125.1333401201
,277143.4498219522
,248971.05995908982
,251761.6024126164
,207349.71505670156
,280423.76091778174
,202903.26250033287
,221426.8847619556
,197082.7497285779
,268535.07612554677
,263605.5957876707
,258197.34469923258
,174438.97112289778
,101908.58075153663
,196238.70902899848
,472132.3869509576
,196501.1319156923
,157586.9407303347
,97391.10302319565
,200676.6025348255
,180678.3946463614
,316976.3168704344
,160107.64466649335
,139505.36469218784
,217132.41556989122
,128193.2754361797
,176465.9260068369
,238578.7252215482
,92850.79229690648
,226484.760595588
,217383.75441821557
,192888.4338109762
,238138.459381094
,135456.2273436034
,210465.2505145541
,169268.28704286963
,271528.4793247647
,344165.87276453397
,213296.74233209217
,213858.97734825127
,191944.92758601223
,173574.55583808897
,176622.00070326892
,110469.76074456972
,228013.588991998
,144399.32969571333
,208604.02726929396
,105862.57445225527
,213115.3364651997
,210703.98477199054
,260202.06363478882
,215638.0360204553
,203803.58332353478
,107060.7104302572
,191214.19311435032
,158279.8465670154
,195874.10971646596
,73809.3716273354
,235842.81759566264
,217586.57080298915
,250271.17970810487
,181613.11392257267
,219658.08212232083
,152273.27912307746
,257788.42918944702
,171284.60821405778
,230496.47451848903
,181124.87013113408
,237332.45195985885
,149914.937208406
,383370.0258775637
,197800.33112257245
,289481.5580119974
,249643.82834364436
,320434.845218011
,213565.5632192235
,192753.40596178733
,193419.71723756052
,198299.86877815885
,366884.2591645261
,294527.5661055716
,267857.6409499832
,154112.4260000988
,235579.0400412797
,212988.13413318116
,379149.30833397055
,136459.45978879847
,270005.47079494415
,276622.9629351292
,181152.16387427266
,196734.42672943353
,202622.41434310074
,237763.72560592642
,313026.164338647
,196300.3843677723
,148018.49734666388
,269739.9919629777
,466160.7781614224
,200472.63777603
,142292.8249823509
,180889.36270643727
,135358.6869807582
,129425.27617531097
,303826.7593693498
,235730.7752712121
,248588.799092366
,547353.6701005816
,189733.3835815074
,196718.87321931904
,314626.08779035625
,184858.8941526404
,258037.4665138852
,254131.99112818472
,349850.42252913734
,365066.69198667596
,148758.42342181836
,256810.05306841413
,170784.6521360542
,234118.74922982065
,272250.2518309112
,293693.9403445124
,142925.55029042845
,339706.63240011403
,199880.0824895616
,202390.0713754688
,227277.69069488966
,230667.23352381602
,319639.96038071846
,288917.6809468145
,322696.2477457677
,256181.9102504585
,179352.82288885285
,79375.08265775799
,311330.4643270938
,193580.2418214754
,107117.14193795554
,389516.594504283
,269140.6300763726
,196420.2513995739
,381067.14918623795
,213880.49566242698
,263436.7960427483
,176466.52901185714
,70124.50658148048
,151860.3534696547
,328684.33176385926
,301862.2124815817
,262090.92210568127
,217100.4130048602
,206687.92640431813
,224328.82883763761
,196391.36661948438
,112071.19904346335
,314479.1059458519
,153073.62719953668
,146054.65554344037
,197321.33797332065
,205029.19077969756
,262061.91650237094
,116168.81740153983
,256816.00492410405
,177140.9830440219
,159246.23017637234
,254470.844393872
,199665.6323465018
,162971.7612448043
,142975.31695581533
,164286.2333399991
,107153.1746471906
,273437.77058923524
,316371.4698434184
,251192.20852417187
,188834.39951513882
,212943.86685658418
,254732.19205791928
,201309.43271016877
,212334.09655131897
,197554.08432980662
,177092.30238170672
,200611.09552723635
,190004.09150386977
,121981.070744763
,190519.90843434416
,329721.2031549621
,173593.25214581986
,226773.62025019547
,184267.3758624241
,225379.40788865046
,235636.77936830046
,278038.6010690685
,272512.8995973635
,129752.94332606097
,156218.5921402317
,208904.38310708964
,276969.67274974403
,186131.90259157756
,222884.91694711373
,190602.35542955104
,236898.3222206248
,228734.34729981693
,270879.79376854835
,351358.9533908275
,340417.8254015989
,199901.71731119978
,207879.51618476157
,128928.0994236356
,296784.30882502545
,169339.72796003707
,252558.96760640456
,312580.94935210847
,136687.76882474913
,193978.95620842095
,134795.4246316262
,158882.55691547057
,200791.3700081862
,162983.1841493349
,279073.9670390485
,154308.67602049233
,207063.01356207996
,165172.40756635004
,208387.7611325181
,223906.73506784553
,182140.02657417188
,534348.5946839458
,232413.48999501287
,177880.14920300108
,192922.75473642425
,322027.5453563114
,194776.47960281733
,214995.13149946133
,151862.34687117836
,184952.18723242942
,186956.97456550453
,235221.18512012198
,373683.0804388163
,330339.82147451624
,331566.2245405189
,322646.9381975696
,248605.85818988277
,316799.70069105393
,163961.98337042073
,138365.82458482604
,188752.12546787216
,206030.5026014594
,223792.68494917103
,191567.02964263095
,166261.3407920041
,171238.0800050873
,261023.56459143915
,320469.8129823585
,182622.18735892823
,182543.26415267322
,186790.09892525963
,281128.96180338727
,115265.91021620193
,153938.4027737483
,378599.16691779403
,210582.58054332744
,231909.74204308004
,162260.56837373428
,168790.95936163948
,334571.57875633007
,262070.3606091851
,107921.00827037009
,309648.78104890604
,207879.51618476157
,141940.02626876798
,173254.62283273993
,337064.82759648864
,192026.3058578649
,168418.5847139264
,139303.44828644054
,300708.8585470391
,139896.35352952863
,166148.95325571473
,260273.22726404766
,359116.97973295196
,223991.68859509053
,161633.01567101481
,192361.89473973896
,207967.38313711958
,290717.28593752964
,186139.3948454643
,188046.2854049444
,200168.5105784052
,187964.0843424896
,200835.43735035585
,324464.3364897556
,183362.4853426953
,169326.92532333496
,127656.33344156893
,234066.60131569236
,214144.5799983825
,190518.54069227978
,203037.2852534818
,293954.5317289924
,103629.90239355112
,163260.20757587467
,337529.2729129896
,161353.08234622027
,208694.73543105865
,286515.30396638246
,125755.68902848047
,139514.311651055
,156832.19056539625
,256711.29414749658
,85484.1663451008
,225873.31992282113
,146625.1323023354
,187750.84724527455
,356053.0200743012
,225170.1930403872
,129846.24747856359
,252718.2302172015
,199881.79656652187
,171759.0471716531
,147020.7600766488
,124553.53319300844
,108005.17325851704
,139093.41561622312
,265860.07148175465
,126871.29405848244
,180910.57969476865
,233240.46491413374
,389748.8624999455
,199858.88788963357
,284353.03123414796
,184087.63084719147
,174670.45985480273
,233195.08078014644
,164660.7076980779
,201689.9186254618
,166266.04879056956
,172609.63575624328
,259403.98372724993
,211857.52103436025
,341981.7908753823
,135485.3118471005
,142511.31527275481
,221343.76659321127
,248426.9427042656
,167426.69577764027
,283704.1906261049
,295621.7104551862
,75454.34069360912
,162799.5198462268
,178426.05803011166
,186328.24606864835
,167969.5833179437
,146387.3808433089
,220710.31055192018
,361828.6638504197
,297841.2455635976
,225176.71460051363
,163575.60120342643
,141720.623678662
,232485.3109387361
,166113.51302600958
,234723.9859020725
,227800.2210211125
,262775.79735309747
,225508.77832842796
,338576.7382294673
,454538.66507792345
,179279.03601342512
,207585.03471944464
,176342.94515791856
,97942.54903834319
,129641.93579255413
,188109.60851983147
,276792.9669063775
,303414.4837121433
,178285.3732937477
,292057.2887912383
,83303.7745685967
,138955.77270939006
,207515.72555323548
,148383.83424374583
,335120.51196276065
,197724.51573099522
,379036.68885446293
,73310.38137737867
,163298.2480536238
,178293.4900880149
,251871.71495102497
,146686.4931751218
,103406.05251772796
,275927.44710630254
,206906.355922157
,140146.07158084473
,135090.78777910492
,202820.19960416196
,158915.22300080958
,134603.99589402266
,196376.2833819551
,267394.6807997638
,129756.25562373188
,184721.3064293659
,179619.62221567458
,222317.09013410416
,245212.56973420715
,137532.76062188594
,197880.20913879792
,133762.82777478083
,131480.50367738036
,302922.0293033364
,184319.13635635638
,163685.01660118383
,229489.11464448454
,171271.23834087394
,132583.67349116577
,175916.28547039046
,169662.41920479925
,206768.8432553093
,177447.639523463
,408991.2694976891
,436367.10792440904
,237079.55565864226
,204790.52984113875
,348554.1924415516
,281586.5745541681
,302887.69716572453
,254357.83383268272
,172934.8161180329
,328812.97191677254
,324194.77811000554
,171180.43505843205
,262181.97873792
,137674.2408722405
,165911.8084356105
,214100.92384331708
,321681.24569783715
,189533.85764978224
,273982.5981336764
,217174.13264723594
,413345.2868791767
,218909.99705018513
,232045.06120484576
,142804.95084266586
,197273.49940131436
,213542.9999404162
,203466.65450123363
,107237.07672748763
,179761.94390462106
,135069.42164535707
,146502.42639715507
,218800.62276412768
,129113.19317049244
,185962.72511622866
,314719.54664369446
,298946.1742016228
,360002.269107478
,149783.4551742573
,197016.1925560229
,158456.68175976604
,352574.11566533113
,161814.25742786267
,140307.56028175
,216179.66585207713
,113741.78461408986
,182429.09521766473
,163064.3851981542
,170051.66508459617
,145766.58244070123
,108475.33580088566
,120206.86014673761
,221535.67023870375
,285762.56890945236
,191567.02964263095
,239192.3740796592
,384528.5520726868
,216752.03738187838
,200438.99160828607
,166033.13428635875
,152944.3974478985
,118298.74837451964
,170563.152337874
,187296.81624127246
,196947.083120832
,209811.52139602884
,239014.63942865777
,165902.69517695217
,262769.43903235707
,184022.12268618468
,123969.08557009127
,140274.3421561052
,140807.76478078924
,183179.18328149605
,178913.72032272187
,265456.8490827598
,276275.0315491133
,233749.42106041563
,218737.53213160523
,180786.05013173557
,433785.96976066986
,220768.64855027953
,153699.06255838004
,204967.61752610872
,209890.6389156681
,110088.76037414657
,188722.44470062293
,315557.9257553183
,278016.97092477296
,239370.04154526914
,190040.85407138334
,168261.2028199723
,435603.401295759
,211401.13733902536
,263880.47520271584
,188715.33797176596
,197308.65464411047
,246813.77999535404
,137648.60605585552
,309282.7028791281
,211234.02508444662
,311397.9355571277
,188933.1248102355
,261235.25377906312
,157204.79952487865
,86105.14003299784
,169852.10627010232
,154987.34417877145
,197822.11702449102
,250684.97688816494
,315423.0726466211
,370691.8524299023
,199176.9228299232
,228610.60119585786
,270570.3451934281
,191676.37885121274
,84637.1038820615
,361191.41131165036
,256290.4996183304
,96946.80009952819
,190218.38422919842
,200934.75309171976
,247112.19827434325
,201684.68650013505
,135664.1696785766
,426129.62342891714
,204774.1758664745
,196351.159361197
,245131.51700992393
,256861.20770405608
,143094.99953017515
,175741.3340865915
,145856.8171055827
,161714.0326185955
,219153.07708166444
,126340.96902952388
,208253.12373990307
,359614.57885991276
,555552.7722341297
,140425.5357796672
,140062.71415164656
,126127.14140397921
,428421.6265307789
,350417.1689954022
,233858.7504738956
,160669.3159632323
,161559.98141371668
,196334.53396331234
,151795.55652163044
,199186.3323565736
,265386.1769679265
,172703.21005519285
,271483.27321658336
,215516.3568137778
,138913.74256016247
,128928.0994236356
,265348.73217866645
,418199.32271794166
,211276.19193825414
,182501.9057948795
,309306.5808100176
,141680.96023411813
,264565.3058286229
,194889.07031742902
,184215.98794206738
,173826.32246884512
,154721.46964397692
,378672.79312668246
,293597.54900183325
,155627.01420253888
,92822.74423635074
,147089.2985005394
,203349.17467632474
,172102.40174957892
,240290.00223551528
,128034.68685796912
,198055.7502449691
,223490.72724959633
,320803.49562531634
,274691.04095013824
,257960.5108072939
,148325.18090487723
,232433.15351024616
,311234.29965776677
,135090.78777910492
,167378.37774638832
,366031.95269322675
,236090.6378251106
,172112.81978811935
,101616.56159828772
,157551.33379851934
,289902.91696957574
,163730.58913545142
,132778.97974332693
,193709.1333298872
,155925.43160197104
,305971.82404785807
,110533.73724479106
,157589.67114500134
,207471.61896175705
,207337.00693169827
,141259.14433969965
,218619.53247315748
,297439.6130853524
,230424.32111436478
,98232.5383862289
,198823.18167099767
,126552.57492152533
,260753.31352774182
,229280.46571356143
,179390.8676097357
,281260.60152613965
,246902.89113847257
,164854.92796160473
,197134.1745345476
,224226.6530834488
,200140.92855010912
,213332.81432749037
,183142.1533692734
,205214.00935826232
,222324.47040513076
,193890.3820065669
,442324.36007658247
,151584.75547797096
,200530.71600034443
,204608.35612733391
,317449.70862065523
,218526.69856601176
,161324.19558109454
,179604.05614614513
,149275.43591751438
,294077.3136520302
,183934.666816213
,181042.0212320532
,191026.09793574613
,217820.24279208118
,275748.2405919964
,331603.03364650003
,196534.33483806002
,550832.6819706726
,201770.80394808954
,261393.9164986159
,235301.35839751665
,299073.627273091
,211232.69027165917
,178299.94814815104
,186593.38239672486
,143894.513300618
,255426.8757602152
,157587.90554386226
,163599.27201205102
,242924.37601379992
,151862.34687117836
,244810.256872367
,174801.76777823028
,187602.2382751401
,219816.41992383808
,285088.4673018094
,223425.50458008575
,236191.85719065144
,177914.91121878603
,141642.9638683455
,270467.278803575
,175903.86724491543
,184404.98395814546
,211296.97111333974
,259284.36503081472
,299030.1930977831
,187159.13516424672
,117858.20972288185
,217076.43622352448
,105356.06160992986
,127167.82846439141
,260059.2151463789
,340457.5461634431
,285059.2860395149
,180414.20254496086
,109333.55717130339
,287338.79699212266
,216526.8357102254
,127263.0038989076
,185033.57741884005
,281650.1462553525
,300741.7788372063
,330917.84750365524
,240943.88138707078
,237911.58426794526
,126310.13606479796
,176716.9801768283
,245350.3572425272
,145778.35152422023
,153911.8954077415
,175198.8533009324
,312090.4334796439
,238216.1507203446
,301845.61162907054
,149889.1622518573
,204677.22515074958
,201030.33843373368
,184858.67599729638
,124592.34209854869
,271410.6185363968
,211257.3505195596
,236735.52663675242
,217277.2835360083
,323063.8118783637
,200017.0105941498
,248501.2034749599
,253707.42863908218
,229175.4890035559
,200159.83131897432
,244146.1287564448
,120758.66901324036
,220923.50383591966
,188456.33999185718
,309853.13653876126
,246116.81021912931
,150517.59128802593
,214778.5019365219
,347353.1483298285
,191145.22885201257
,160141.98027120106
,211596.58709339946
,183233.99438541898
,127019.64540605995
,208891.54959527784
,126127.14140397921
,105808.04509973542
,306281.79960228066
,251584.93660463372
,170297.34161801438
,245755.01556458752
,161280.06131221174
,71129.67567244613
,400435.42753812193
,242038.55776828332
,416324.46108884324
,181433.335634012
,227321.4660890895
,548906.154123365
,254202.2602596928
,262250.01296642504
,147733.76309551334
,167494.3953435244
,201893.85276349788
,168099.2812792638
,280975.94473248255
,361685.642134012
,374940.0211970317
,186197.20805909307
,157283.13361346454
,270771.7177299807
,174940.28213483456
,152463.6081869043
,130204.17675750538
,158504.97190448604
,196426.41277261174
,412548.6860515138
,335561.74227414967
,191525.34035126056
,330245.01384266693
,265008.554962157
,186994.71979033918
,402590.44432112353
,162767.7178921001
,182487.55512520974
,191003.58091138143
,197165.02232333113
,72252.66954596427
,268019.22831520723
,221654.70390220557
,156532.62607896252
,236754.71317973698
,254645.30164205394
,134437.60805902662
,272768.30040756334
,286012.4980449879
,172247.17731092087
,207083.06314449987
,295838.00179305614
,300784.81013266975
,71158.76025928979
,412477.51411071146
,146827.59510457455
,222071.1858395995
,236515.084884459
,156749.28024472148
,205587.11467384305
,257645.0605709116
,308088.7814438736
,186872.6441596592
,242828.65483458454
,202639.85749615132
,192898.09931259896
,148369.6672335242
,168955.6578599557
,224190.90430904008
,171529.31672088747
,177519.26558339215
,167534.8230957975
,186565.11091075072
,126916.3201066061
,177667.45342133794
,280549.1545143429
,127663.78763304406
,155238.76522829005
,190516.947417838
,229328.54882958133
,194472.9682608513
,329268.5538184952
,139794.1504500246
,239104.8994582946
,226947.28893466352
,201878.43338035457
,378561.5764391232
,221922.74201999008
,287375.70807090873
,114087.26032589044
,210414.42888712804
,345533.7139903546
,227819.42963205764
,237771.34211630304
,187179.88494554153
,315919.34040470514
,211468.17600276406
,203403.01111743005
,212188.32020401573
,176435.37644121487
,175323.6754126604
,222522.54205302437
,169990.69003553272
,348568.8549985019
,247561.68948668576
,345218.0982702345
,197720.8990037532
,92548.43256712827
,154977.42029804035
,224457.8379965705
,345833.71201487037
,150639.27460457108
,155365.89460181643
,247018.2024070584
,225892.15537934715
,160723.90504111955
,205271.96730271415
,212516.17359978775
,209430.29483832026
,145127.2182844358
,150096.64400001243
,140222.90618978563
,167650.82875054367
,129915.54524400108
,192711.38910831138
,273261.7056213862
,143226.13276618696
,233386.0237424597
,218274.7905918312
,226710.03695155002
,201983.1069380342
,140221.22409365769
,191461.23803297567
,118096.13663056385
,327495.35663668375
,176969.0571536247
,175930.80590769477
,193452.09639352615
,125978.9249540608
,213227.8917872023
,230627.07537389648
,191145.22885201257
,203018.29643741035
,103293.6636455663
,225681.54857781876
,196806.81388716548
,399478.75636354706
,291624.779370995
,259911.38287066136
,271325.1043265847
,156182.33991885182
,130757.56471871866
,254725.3214121104
,160199.40251515363
,178604.7632393396
,93444.8978527271
,274123.95611666923
,158584.46697419797
,141421.33630379837
,219257.84355587536
,262993.3915283699
,134102.2258890273
,209069.2738644599
,293829.9990969613
,210422.0284060232
,264171.7862345439
,224192.4204418874
,77713.7217176745
,225191.85003183343
,186845.92553590264
,180222.57170197726
,176651.30249153695
,293291.5022470922
,432381.3643735756
,137056.17764814207
,147245.59145772186
,283260.88681172347
,243947.17046090355
,214227.24607335767
,245363.49037820133
,266251.1915687578
,323771.6892071935
,167990.21917495283
,188683.48209957473
,188082.22897512946
,127663.78763304406
,184487.23932336882
,217235.37175373622
,286087.69914290914
,350979.71953760996
,202241.54539031038
,233433.80969538036
,180184.52339471175
,203639.26333171444
,226066.06460627023
,195123.35790134824
,282191.65169141296
,228873.58353178838
,157029.30333709117
,362314.29376209655
,188653.58950176692
,212395.5504124891
,176039.200044325
,138840.41851006015
,192805.49496642995
,212862.18670072922
,186766.74529415654
,289722.0121896493
,146429.7748161726
,278019.0304938176
,184299.958645562
,231586.07693656758
,190615.06141163013
,244880.2320239798
,103862.08007857931
,168515.15485805628
,170958.31414070656
,142128.21801876064
,340128.1256560919
,281327.39282983163
,291361.1920454684
,368905.4496178369
,149602.75734325958
,209558.56555865466
,190669.8955157257
,165043.8720552887
,379800.13166143507
,243565.11006203422
,202316.25127653344
,220373.79539913623
,213593.7678653797
,199053.83537855846
,128034.68685796912
,421891.9532145622
,166334.34257233568
,214541.94351752443
,199315.3530613136
,305110.2395386304
,321140.0174266419
,180544.308706222
,176440.01400607446
,79967.76232695462
,218650.4817927449
,209078.47705167095
,127227.85873541783
,184772.3377967968
,137896.2834257184
,143209.10556035052
,205745.06795862506
,256797.48593532303
,232559.15377323455
,200112.9633778422
,201022.0207128306
,241996.5990522817
,148171.29987941144
,130327.76628119203
,244110.67799538284
,220121.6344202424
,69725.62059864902
,208586.59599260832
,178594.89648217201
,196607.76195316704
,144787.46257375015
,184851.02696068087
,370480.05461876054
,163574.22864309547
,195269.0376346503
,298087.84979865316
,182469.25202982567
,158659.99105606566
,198300.9491713416
,153707.06747242282
,253330.74507837504
,148791.77099232157
,169445.18547202536
,273275.5564162809
,186404.6485027089
,129888.05018919433
,269075.92762644636
,146860.20771028852
,183898.2407791979
,403170.1748279446
,156437.8530813678
,138595.9643638651
,213107.7450893398
,178238.9150550448
,173019.394656008
,135416.79168941337
,354645.2540363064
,249148.96303395968
,215502.73536977265
,321668.251229799
,126972.8007864801
,476552.751085441
,165726.64659166575
,188523.3608285603
,294546.30506958644
,303359.646694023
,244435.8840262274
,122792.75395822663
,234921.95243428458
,140160.4933146028
,208815.00434277364
,309677.7229442345
,187904.40950526946
,552713.6967467775
,331569.7256725022
,273659.39017247554
,238324.1017546045
,268285.9534415047
,275534.36429583177
,206202.2326184618
,203434.63888585812
,217507.96913151577
,342602.7170601325
,175704.6305373122
,191701.60168051935
,328478.0599629559
,183015.1796526121
,301060.82113725843
,212129.42342441066
,139805.70022571494
,190405.02008632795
,170691.86766688095
,251341.9565212308
,206188.41209507204
,208659.65597519168
,188604.64845502606
,161125.37565239618
,152587.02279818273
,392596.5761621512
,226769.79358890068
,295306.8241982188
,248256.60127062007
,141586.56153076218
,157997.16601734844
,154975.2676115504
,152840.8007044838
,217874.00126190783
,228431.87478982343
,121037.27460786991
,215305.09412511587
,238136.68881861112
,211436.57995199814
,166975.78386125958
,329884.46706500096
,301865.5241891784
,148785.69487938748
,200419.69088557072
,338617.1561247685
,381623.9707805953
,222812.0146885743
,249332.4180341803
,165940.64757069966
,116439.4054212915
,157458.60839970387
,182301.84932878363
,153415.56151205557
,170367.5289306513
,222005.28282215743
,197011.7181340497
,350386.3877753304
,157772.49082049183
,203839.23160375305
,269579.18970446393
,150138.4736485465
,199365.0075245965
,228033.00639333986
,416136.33862629463
,355759.2598672616
,111686.14521334776
,176111.92877132693
,208373.22416215722
,267027.926375553
,198416.01128909632
,154250.65643308102
,107323.5153747088
,208350.54104971475
,235286.4136590266
,271860.1347820974
,128907.22642610736
,321682.6132915332
,179846.4425141905
,253704.24045879504
,122386.98590104589
,233190.44301803358
,304149.4804469309
,459821.6214348877
,170219.71321636933
,197944.41282156282
,235818.82168909066
,238268.2295172084
,228971.46584046012
,213642.54575455288
,258960.27211210644
,329065.4194059821
,238024.72730046013
,178851.91059546382
,159652.50600479674
,236210.91180704668
,192677.97488478015
,177388.79113880993
,226841.7601968287
,161263.44858881875
,187587.19108168644
,140166.9516700883
,276513.88164505316
,126322.65040605572
,151646.21852235612
,341242.3932963015
,162926.97397718477
,213315.18242998162
,246873.88618053624
,192493.96400943885
,154758.43584523117
,191973.60658535562
,263840.6055711781
,327954.32129058696
,112141.5891162521
,233291.7205744953
,267333.4492766375
,267118.631834177
,298023.23987346917
,267772.0043018485
,172389.0194373769
,186161.54354105884
,184989.8304068986
,240445.41838188694
,213754.65147698045
,319619.3729420336
,243571.83375595984
,305981.46935255756
,185747.85466029614
,151130.3942278951
,121687.80415889467
,107237.07672748763
,137130.9238714615
,452282.48893651104
,468295.31570591335
,160585.31678738902
,160655.2311013067
,216838.74432511564
,307624.26675348607
,173178.89652837763
,92037.10651835428
,167271.02754026177
,166264.0169884982
,151863.9696047618
,351142.7568082357
,319262.75216016354
,259701.0744478989
,198210.58094705833
,206230.02443923737
,219027.02716707328
,260825.85521930215
,200712.94977405833
,170236.59131894307
,251240.4715504569
,135456.2273436034
,344781.41701831453
,193014.51777326927
,207842.08228491902
